,Number of Vehicles,1st Road Class,Road Surface,Lighting Conditions,Weather Conditions,Casualty Class,Casualty Severity,Sex of Casualty,Age of Casualty,Type of Vehicle
0,1,4,0,2,1,2,0,1,44,6
1,1,4,0,2,1,0,1,0,23,6
2,1,4,0,2,1,2,0,0,12,6
3,1,0,0,2,1,2,0,1,15,6
4,2,4,0,4,1,0,0,0,34,6
5,2,4,0,4,1,0,0,1,25,6
6,2,0,0,2,1,0,0,1,57,6
7,1,4,0,2,1,1,0,1,17,6
8,2,4,4,2,1,1,0,0,23,6
9,1,0,4,0,1,1,0,1,20,6
10,1,0,4,0,1,1,0,1,23,6
11,2,4,0,2,1,0,0,0,18,6
12,2,4,0,2,1,1,0,0,47,6
13,2,4,0,2,1,1,0,1,11,6
14,2,4,0,2,1,1,0,0,15,6
15,2,4,0,2,1,1,0,0,42,6
16,2,1,0,2,1,0,0,1,83,6
17,2,1,0,2,1,1,0,0,65,6
18,1,0,4,2,1,0,0,0,24,6
19,2,4,0,4,1,0,0,1,28,6
20,2,4,0,4,1,0,0,1,29,6
21,2,4,0,4,1,1,0,1,26,6
22,1,0,4,2,1,0,0,1,42,6
23,1,0,4,2,1,2,1,1,18,6
24,3,0,0,4,1,0,0,1,34,6
25,3,0,0,4,1,0,0,0,38,6
26,1,4,0,4,1,1,0,1,40,1
27,1,0,0,2,1,0,0,1,23,6
28,1,4,0,2,1,2,0,0,4,6
29,2,2,0,2,1,0,0,1,78,6
30,2,2,0,2,1,0,0,1,51,6
31,1,3,0,2,1,2,0,1,52,6
32,1,0,0,4,1,1,0,1,66,1
33,2,4,0,4,1,0,0,1,30,6
34,2,4,0,4,1,0,0,1,66,6
35,1,4,0,4,1,2,0,1,88,6
36,3,4,4,2,1,0,0,1,40,6
37,3,4,0,4,1,0,0,1,49,3
38,1,4,0,4,1,2,0,1,11,6
39,1,0,0,0,1,0,1,1,22,6
40,2,0,4,4,1,0,0,1,17,5
41,2,4,0,1,1,0,0,1,40,6
42,2,3,4,2,1,0,0,1,24,6
43,2,3,4,2,1,0,0,1,27,4
44,2,0,4,4,1,0,0,1,41,5
45,2,4,4,4,1,0,1,1,23,6
46,2,4,4,4,1,0,0,0,54,6
47,1,4,0,4,1,1,0,0,71,1
48,2,3,0,4,1,0,0,1,47,6
49,2,3,0,4,1,1,0,1,22,6
50,2,4,4,4,1,1,0,1,11,6
51,2,4,4,2,1,0,0,1,20,3
52,1,4,0,2,1,2,0,1,7,6
53,2,0,0,4,1,0,0,1,31,5
54,2,2,2,2,3,0,0,1,21,6
55,2,4,0,4,1,0,0,1,21,3
56,1,4,0,0,1,0,0,1,38,2
57,3,3,4,4,1,0,0,0,27,6
58,2,1,4,4,1,0,0,1,49,3
59,2,0,4,4,1,0,0,1,39,1
60,2,0,4,4,1,1,0,1,79,1
61,1,0,2,2,1,0,0,0,17,3
62,3,0,0,4,1,0,0,0,23,6
63,3,0,0,4,1,0,0,0,25,6
64,3,0,0,4,1,0,0,1,54,6
65,2,0,0,4,1,1,0,0,48,6
66,1,1,4,2,1,0,0,1,20,6
67,1,0,4,2,1,0,1,1,46,6
68,1,0,4,2,1,1,1,0,44,6
69,2,0,0,4,1,0,0,0,24,6
70,2,0,0,4,1,1,0,0,13,6
71,2,4,4,0,1,0,0,1,20,6
72,2,4,4,0,1,1,0,1,18,6
73,1,4,0,2,1,2,1,0,20,6
74,1,4,4,0,1,0,0,1,20,6
75,1,2,0,2,1,2,0,1,7,6
76,2,4,0,2,1,0,0,1,23,3
77,2,4,4,4,1,0,0,1,46,2
78,2,0,4,0,5,0,0,0,25,6
79,2,0,0,4,1,0,1,1,20,5
80,2,4,4,1,1,0,0,1,38,5
81,2,2,0,2,1,0,0,1,37,6
82,2,0,2,2,1,0,0,1,38,6
83,2,0,4,2,5,0,0,1,26,5
84,2,4,4,2,1,0,1,1,16,3
85,2,0,4,2,5,0,1,1,37,5
86,2,0,0,4,1,0,0,0,23,6
87,2,0,0,4,1,0,0,1,56,6
88,1,4,0,2,1,0,0,1,53,6
89,2,0,0,4,1,0,0,1,43,5
90,2,0,4,2,5,0,0,0,53,6
91,2,4,0,2,1,0,0,1,43,6
92,4,0,4,4,5,2,0,1,16,6
93,2,4,4,4,1,0,0,1,75,5
94,2,4,0,4,1,0,0,1,42,6
95,2,3,0,4,1,0,0,0,36,6
96,1,0,4,2,5,0,1,1,38,3
97,2,4,0,4,1,1,0,0,25,1
98,2,4,0,4,1,1,0,0,53,1
99,1,4,0,4,1,0,0,1,21,3
100,1,4,0,2,1,2,0,0,33,6
101,2,0,4,4,1,0,0,1,90,4
102,1,4,4,4,1,1,0,0,65,1
103,2,4,4,0,1,0,0,0,18,6
104,2,4,4,0,1,0,0,1,23,6
105,2,4,4,0,1,1,0,0,17,6
106,2,4,4,0,1,1,0,1,17,6
107,1,4,0,4,1,1,0,0,69,1
108,4,4,0,2,1,2,0,1,19,6
109,2,4,0,4,1,2,1,1,39,2
110,2,0,4,4,1,0,0,1,20,6
111,2,0,4,4,1,1,0,0,19,6
112,1,4,4,2,5,1,0,1,68,1
113,1,2,4,2,5,1,0,1,21,6
114,1,0,0,1,1,2,0,1,23,6
115,2,4,4,2,1,0,0,1,47,6
116,1,4,0,4,1,2,0,1,30,6
117,1,0,4,4,5,2,0,1,12,6
118,2,4,0,4,1,0,0,0,23,6
119,2,4,0,4,1,1,0,0,84,1
120,2,4,4,2,5,0,0,1,21,6
121,2,0,4,2,4,0,0,0,55,6
122,2,4,4,4,5,0,0,0,37,6
123,2,4,4,4,5,0,0,0,34,6
124,1,4,0,1,1,2,0,0,61,6
125,3,4,4,4,5,0,0,1,53,6
126,3,4,4,4,5,0,1,1,23,3
127,2,0,4,2,5,0,0,0,58,6
128,2,0,4,2,5,1,0,0,27,6
129,2,0,4,2,5,0,0,1,21,6
130,2,0,4,2,5,1,0,1,25,6
131,2,4,4,4,5,0,0,0,43,6
132,3,4,4,2,1,2,1,1,59,6
133,2,0,4,4,5,0,0,1,23,6
134,2,0,4,4,5,0,0,1,23,1
135,1,4,4,4,7,1,0,1,65,1
136,3,3,0,4,1,1,0,1,19,6
137,1,4,0,1,8,2,0,0,27,2
138,2,4,2,4,1,0,1,1,40,6
139,2,4,2,4,1,0,0,0,28,6
140,2,4,2,4,1,1,0,0,27,6
141,2,0,0,4,1,0,0,1,39,5
142,1,2,2,2,3,0,0,1,34,1
143,1,0,2,0,1,0,0,1,26,6
144,1,4,0,4,1,1,0,1,45,1
145,1,3,2,2,1,0,0,1,35,2
146,1,0,4,2,4,2,1,1,20,6
147,2,0,0,2,1,0,0,1,43,3
148,2,4,4,1,3,0,0,0,33,6
149,3,4,0,4,1,0,0,0,31,6
150,3,4,0,4,1,0,0,1,42,6
151,1,0,4,2,5,2,0,0,52,6
152,2,2,4,2,3,0,0,0,67,6
153,2,2,4,2,3,0,0,0,64,6
154,2,4,0,1,8,0,0,1,29,6
155,2,4,0,4,1,0,0,0,19,6
156,1,4,0,4,1,2,0,0,86,5
157,2,0,4,4,5,0,0,0,47,6
158,2,4,4,1,8,0,0,1,44,5
159,1,4,4,4,1,2,0,0,5,6
160,1,4,4,0,1,1,0,0,18,6
161,2,4,4,1,1,0,0,1,50,6
162,2,0,0,4,1,0,0,1,52,6
163,2,0,0,4,1,0,0,1,59,2
164,2,2,0,4,1,0,0,1,45,5
165,3,4,0,4,1,0,0,1,26,6
166,3,4,0,4,1,0,0,1,43,6
167,3,4,0,4,1,1,0,0,43,6
168,3,4,0,4,1,0,0,1,37,6
169,3,4,0,4,1,1,0,0,29,6
170,2,1,4,2,1,0,1,1,38,3
171,1,4,0,4,1,1,0,0,86,1
172,2,4,4,2,1,0,0,1,42,6
173,1,0,2,4,1,0,0,0,42,6
174,1,2,0,2,1,1,0,1,21,6
175,3,4,0,4,1,0,0,1,19,6
176,2,0,0,2,1,0,0,1,33,3
177,1,2,0,4,8,1,0,1,45,1
178,2,4,4,4,1,0,0,0,34,6
179,2,0,0,4,1,1,0,1,4,6
180,2,0,0,4,1,1,0,1,3,6
181,1,4,4,4,8,0,0,1,42,3
182,1,4,4,4,1,1,0,0,25,1
183,3,4,0,0,1,0,0,0,50,6
184,3,4,0,0,1,0,1,0,42,6
185,3,4,0,0,1,0,1,1,39,6
186,3,4,0,0,1,1,0,1,1,6
187,2,4,2,4,1,0,0,0,36,6
188,2,4,2,4,1,0,0,1,50,6
189,2,4,0,4,1,0,0,0,34,6
190,2,0,4,4,1,0,0,1,26,6
191,2,0,4,4,1,1,0,0,25,6
192,1,0,0,4,1,1,0,0,65,1
193,1,0,0,4,1,1,0,0,67,1
194,3,4,4,4,1,0,1,1,75,6
195,3,4,4,4,1,0,0,0,24,6
196,1,4,4,2,2,2,1,1,18,6
197,2,4,4,4,1,0,0,0,28,5
198,2,0,4,2,2,0,0,1,25,5
199,1,0,0,4,1,2,0,0,16,6
200,3,4,4,4,1,0,0,0,54,6
201,3,4,4,4,1,1,0,1,43,6
202,2,4,4,2,1,0,0,1,19,5
203,4,0,4,2,2,0,0,0,36,6
204,4,0,4,2,2,0,0,0,46,6
205,4,0,4,2,2,1,1,1,42,6
206,2,2,4,4,1,0,0,0,33,6
207,2,4,4,4,3,0,1,1,59,5
208,2,0,0,4,1,0,0,0,44,6
209,2,0,0,4,1,1,0,1,53,6
210,3,4,0,2,1,1,0,0,20,6
211,3,4,0,2,1,1,0,0,22,6
212,3,4,4,4,1,0,0,1,45,6
213,3,4,4,4,1,0,0,1,32,6
214,3,4,4,4,1,0,0,0,42,6
215,1,4,4,2,0,2,1,1,44,6
216,2,0,4,4,1,0,0,0,37,6
217,2,4,4,2,1,0,1,1,18,3
218,2,4,4,2,1,0,0,1,44,6
219,2,0,0,4,1,0,0,1,40,5
220,2,4,4,2,1,0,1,1,18,3
221,2,0,0,2,1,0,1,1,35,3
222,1,4,0,0,1,2,0,1,32,6
223,2,0,0,2,1,0,0,0,35,4
224,2,0,0,2,1,0,0,0,31,6
225,2,0,0,2,1,1,0,0,23,6
226,2,0,4,2,1,0,0,0,33,6
227,2,0,4,2,1,0,0,1,54,6
228,2,0,0,2,1,0,0,1,23,6
229,5,3,4,2,1,0,0,1,45,6
230,5,3,4,2,1,0,0,1,32,6
231,5,3,4,2,1,0,0,0,49,6
232,2,0,4,4,1,0,0,1,36,6
233,2,4,4,4,1,0,0,0,21,6
234,2,4,4,4,1,1,0,0,18,6
235,1,4,4,1,1,0,0,1,20,6
236,1,4,4,1,1,1,0,1,24,6
237,2,0,0,2,1,0,0,1,49,5
238,1,3,4,2,1,0,0,1,27,6
239,1,3,4,2,1,1,0,0,29,6
240,1,3,4,2,1,1,0,1,38,6
241,1,3,4,2,1,1,1,0,40,6
242,1,2,0,4,1,1,0,0,76,6
243,2,0,0,4,1,0,0,0,44,6
244,2,0,0,2,1,0,1,1,26,6
245,1,0,0,0,1,1,0,1,22,6
246,1,0,0,0,1,1,0,1,21,6
247,2,4,0,4,1,0,0,1,26,6
248,2,4,0,4,1,0,0,1,28,6
249,2,0,4,4,1,0,0,1,32,6
250,2,4,4,4,8,0,0,0,48,6
251,2,4,3,4,7,0,0,1,37,6
252,1,4,3,2,7,1,0,1,4,6
253,1,4,3,4,7,1,0,1,47,6
254,2,0,3,4,6,0,0,1,49,6
255,6,3,2,4,7,0,0,1,22,6
256,2,0,3,2,1,0,0,1,20,6
257,2,0,3,4,7,0,0,1,40,1
258,2,0,3,4,7,1,0,0,17,1
259,2,0,3,4,7,1,0,1,16,1
260,2,0,3,4,7,1,0,1,19,1
261,2,0,3,4,1,0,0,1,47,6
262,2,0,3,4,1,0,1,0,29,6
263,1,4,2,4,7,0,0,1,40,3
264,2,4,4,2,1,0,0,0,21,6
265,1,4,3,4,7,2,0,0,44,6
266,2,4,0,4,1,0,0,0,47,6
267,1,4,0,4,8,2,0,0,24,6
268,2,4,2,4,7,0,0,1,66,6
269,2,0,4,2,1,0,0,0,58,6
270,2,0,4,2,1,0,0,1,20,6
271,1,4,3,4,7,1,0,0,26,6
272,1,4,3,4,1,2,0,1,14,6
273,6,3,0,4,1,0,0,1,30,6
274,2,4,2,4,7,0,0,1,29,6
275,2,4,0,2,1,0,0,1,23,6
276,2,4,0,2,1,0,0,1,30,6
277,2,4,4,4,1,0,0,1,26,3
278,1,4,2,4,1,2,1,0,94,6
279,1,0,2,0,1,0,0,0,25,6
280,1,0,2,0,1,1,0,0,34,6
281,2,2,0,2,1,0,1,1,36,3
282,3,0,0,4,1,0,0,1,43,6
283,1,4,0,4,1,1,0,1,13,1
284,1,4,0,4,1,1,0,1,12,1
285,1,4,0,4,1,1,0,1,11,1
286,1,4,0,4,1,1,0,0,14,1
287,1,4,0,4,1,1,0,1,16,1
288,1,4,0,4,1,1,0,0,12,1
289,3,4,2,2,1,0,0,1,62,6
290,2,0,3,4,7,0,0,0,32,6
291,1,4,2,2,1,0,0,1,24,6
292,2,4,0,2,1,0,0,1,64,6
293,1,4,0,4,1,1,0,1,48,1
294,1,4,0,4,1,1,0,1,37,1
295,1,4,0,4,1,1,0,0,29,1
296,2,0,0,4,1,0,0,1,53,6
297,4,4,0,1,1,0,0,1,57,6
298,4,4,0,1,1,0,0,0,52,6
299,4,4,0,1,1,1,0,0,55,6
300,2,4,0,1,1,0,0,1,33,6
301,1,4,2,2,1,2,0,0,25,6
302,2,0,3,2,7,0,0,1,63,6
303,2,4,0,4,1,1,0,0,56,6
304,2,0,0,4,1,0,1,1,34,6
305,1,0,2,2,1,0,0,1,25,6
306,1,0,2,2,1,1,0,1,23,6
307,1,0,2,2,1,1,0,0,25,6
308,1,0,2,2,1,1,0,1,21,6
309,1,4,2,2,3,0,0,1,35,6
310,1,0,0,1,1,0,1,1,34,6
311,1,0,2,2,5,0,0,1,43,6
312,2,4,2,4,1,0,0,0,34,6
313,2,4,4,4,1,1,0,1,29,2
314,2,4,4,4,1,0,0,1,43,2
315,1,4,2,4,3,0,0,0,25,6
316,4,4,3,4,3,0,0,1,50,2
317,4,4,3,4,3,0,0,1,29,6
318,2,0,4,2,3,0,0,0,40,6
319,2,0,4,2,3,0,0,1,33,6
320,2,4,3,4,7,0,0,0,50,6
321,1,2,0,4,1,1,0,0,39,1
322,2,4,4,4,1,0,0,1,42,5
323,2,4,4,4,1,0,0,1,51,6
324,1,4,0,4,1,2,1,0,35,6
325,3,3,4,2,1,0,0,0,42,6
326,3,3,4,2,1,0,0,1,24,6
327,2,0,0,4,1,0,0,1,39,6
328,2,0,2,2,1,0,0,1,32,6
329,2,4,0,4,1,0,0,0,17,6
330,2,4,0,4,1,1,0,0,45,6
331,2,4,2,4,1,0,0,1,63,6
332,2,4,2,4,1,1,0,0,57,1
333,2,4,2,4,1,1,0,1,21,1
334,2,4,2,4,1,1,0,0,47,1
335,2,4,0,4,1,0,0,1,17,5
336,2,1,0,4,1,0,0,0,51,6
337,2,3,0,4,1,0,0,0,30,6
338,1,3,2,2,7,0,0,1,22,6
339,2,3,2,2,3,1,0,1,24,6
340,2,3,2,2,3,0,0,1,44,6
341,2,0,4,3,1,0,0,1,18,3
342,1,4,2,0,1,0,0,0,36,6
343,2,0,4,2,1,0,1,0,25,6
344,1,0,0,2,1,2,1,1,45,6
345,1,0,2,2,1,0,1,1,60,3
346,1,4,0,2,0,2,0,0,19,6
347,2,4,4,4,5,0,0,1,52,6
348,2,0,4,2,5,0,0,1,24,3
349,2,0,4,4,7,1,0,1,7,6
350,2,4,0,4,1,0,0,0,34,6
351,2,4,0,2,1,0,0,1,70,6
352,2,0,0,4,1,0,0,1,22,6
353,2,0,0,4,1,1,0,0,28,6
354,2,0,0,2,1,0,0,1,17,3
355,1,0,0,4,1,1,0,0,67,1
356,3,2,2,4,1,0,0,0,71,6
357,4,4,4,2,1,0,0,1,67,6
358,4,4,4,2,1,0,0,1,22,6
359,2,4,0,4,1,0,0,1,14,4
360,2,4,0,4,1,1,0,1,23,4
361,1,4,0,4,1,2,0,1,19,6
362,1,0,0,4,1,1,0,0,55,1
363,1,4,0,4,1,1,0,0,68,1
364,2,4,0,4,1,0,0,1,79,6
365,2,4,0,4,1,1,0,0,74,6
366,1,4,0,2,1,2,0,1,13,6
367,1,0,0,4,1,1,0,0,3,1
368,2,4,0,2,1,0,1,1,27,3
369,1,4,0,4,1,1,1,0,79,6
370,2,4,0,4,1,0,1,1,13,3
371,2,4,0,2,1,1,0,1,17,1
372,2,4,0,2,1,1,0,1,16,1
373,2,4,0,4,1,0,1,0,33,5
374,1,4,0,2,1,1,0,0,15,6
375,1,4,0,2,1,1,0,0,16,6
376,1,4,0,2,1,1,0,0,17,6
377,2,2,0,2,1,0,0,1,20,6
378,2,2,0,2,1,0,0,1,21,6
379,2,2,4,4,5,0,0,0,34,6
380,1,4,4,4,1,2,0,0,25,6
381,2,0,0,4,1,0,0,0,46,6
382,1,0,0,4,1,2,1,0,19,6
383,2,0,4,4,5,0,0,0,24,6
384,1,0,0,4,1,1,0,1,5,1
385,1,4,0,4,1,2,1,1,20,1
386,2,0,0,4,1,0,0,0,43,6
387,1,4,0,2,1,1,0,1,10,6
388,1,4,0,4,1,2,1,0,3,6
389,1,1,0,2,1,2,1,1,44,2
390,2,0,0,4,1,0,0,1,46,6
391,3,4,4,2,5,1,1,0,44,6
392,2,4,0,2,1,0,0,1,14,5
393,2,4,0,4,1,0,0,1,48,6
394,2,4,0,4,1,0,1,0,26,6
395,1,3,4,0,5,0,0,0,51,6
396,2,4,0,4,1,0,0,1,62,6
397,2,4,0,4,1,1,0,1,19,6
398,2,4,0,4,1,1,0,0,23,6
399,2,4,0,4,1,1,0,0,59,6
400,1,0,4,4,5,1,0,0,49,1
401,1,4,4,4,1,2,1,1,41,2
402,2,4,0,4,1,0,0,0,21,6
403,2,4,0,4,1,1,0,1,23,6
404,2,0,0,4,1,1,0,0,5,6
405,2,0,0,4,1,1,0,1,5,6
406,2,4,0,4,1,0,0,0,29,6
407,2,0,0,4,1,0,0,0,30,6
408,1,0,0,4,1,0,1,1,39,6
409,2,4,0,4,1,0,0,1,23,6
410,2,0,4,2,1,0,0,1,26,6
411,2,0,4,2,1,1,0,1,29,6
412,2,0,4,2,1,0,0,0,26,6
413,1,0,4,4,1,2,1,1,10,6
414,1,4,0,2,1,2,0,1,54,6
415,2,0,0,2,1,0,0,1,33,6
416,1,4,0,4,1,1,0,0,77,1
417,2,4,0,4,1,0,0,0,25,6
418,1,0,0,2,1,2,0,0,13,6
419,3,0,0,4,1,0,0,0,35,6
420,2,4,0,4,1,0,0,0,45,6
421,2,0,0,0,1,0,0,1,36,6
422,2,0,0,0,1,1,0,1,20,6
423,2,0,0,0,1,0,0,1,57,6
424,2,2,0,4,1,1,0,0,71,1
425,1,4,0,4,1,2,0,1,9,6
426,2,4,0,2,1,0,1,1,17,3
427,2,2,0,2,1,0,0,1,19,6
428,3,4,0,4,1,0,0,1,38,5
429,1,4,0,4,1,2,0,1,8,6
430,2,0,0,4,1,0,0,1,44,2
431,2,0,0,4,1,0,0,1,38,6
432,2,0,0,2,1,0,0,1,48,3
433,2,4,0,4,1,0,0,0,31,6
434,6,0,0,1,1,0,0,0,62,6
435,2,3,0,2,1,0,0,1,22,6
436,2,3,0,2,1,0,0,1,58,6
437,1,4,0,2,1,2,0,0,36,6
438,2,0,0,4,1,0,0,1,36,5
439,2,0,0,4,1,0,0,1,28,6
440,2,0,0,4,1,0,0,1,24,6
441,2,0,0,4,1,1,0,0,24,6
442,1,0,0,2,1,2,0,1,30,1
443,2,4,0,4,1,0,0,1,28,6
444,3,4,0,4,1,0,0,1,25,6
445,3,4,0,4,1,0,0,1,35,6
446,1,4,0,4,1,2,0,1,10,6
447,1,4,0,2,1,2,0,1,23,6
448,1,0,0,4,1,0,1,1,60,3
449,1,4,0,4,1,2,0,1,9,1
450,1,4,0,4,1,2,0,1,7,1
451,5,0,0,4,1,0,0,0,39,6
452,1,4,0,2,1,2,0,0,23,6
453,1,4,0,4,1,2,0,1,20,1
454,1,4,0,4,1,1,0,0,46,1
455,2,4,4,4,5,0,0,1,28,3
456,2,4,4,2,1,0,0,1,27,6
457,2,4,4,4,5,0,0,0,33,6
458,2,4,4,4,5,1,0,0,8,6
459,2,4,0,4,1,0,0,1,23,6
460,2,4,0,4,1,0,0,1,40,6
461,2,4,0,4,1,1,0,1,20,6
462,2,4,4,2,5,0,0,0,24,5
463,2,0,4,2,0,0,0,1,46,5
464,2,4,4,2,1,0,0,1,24,6
465,2,4,4,2,1,1,0,1,25,6
466,2,4,4,2,1,1,0,1,19,6
467,1,0,0,4,8,1,0,0,83,1
468,1,4,0,4,1,1,0,0,63,1
469,2,0,0,4,1,0,0,0,56,6
470,2,0,0,4,1,0,0,1,33,2
471,1,4,0,4,1,2,1,0,14,6
472,2,4,0,4,1,1,0,1,25,6
473,2,4,0,4,1,1,0,1,26,6
474,3,0,4,4,7,0,0,0,18,6
475,3,0,4,4,7,1,0,0,19,6
476,1,0,0,4,1,2,0,1,14,6
477,2,0,0,4,1,0,0,1,47,3
478,2,2,0,1,1,0,0,1,37,6
479,1,4,0,4,1,1,0,1,25,1
480,1,0,0,4,1,2,1,1,15,6
481,3,0,0,4,1,0,0,1,39,6
482,3,0,0,4,1,0,0,1,28,6
483,3,0,0,4,1,1,0,1,19,6
484,1,4,0,4,1,2,0,0,51,2
485,1,4,0,4,1,2,0,0,1,2
486,2,0,0,4,1,0,0,0,19,6
487,2,0,0,4,1,0,0,1,44,2
488,1,4,0,4,1,2,0,0,17,2
489,2,2,0,4,1,0,0,1,49,6
490,2,2,0,4,1,1,0,0,7,6
491,2,2,0,4,1,1,0,0,4,6
492,3,4,0,4,1,0,0,1,20,4
493,2,4,0,4,1,0,0,1,8,5
494,2,4,0,4,1,0,0,1,48,6
495,2,4,0,4,1,1,0,1,25,6
496,2,0,0,4,1,0,1,1,22,3
497,2,0,0,4,1,1,1,0,20,3
498,2,0,0,4,1,1,0,1,81,1
499,1,4,4,4,1,2,0,0,12,6
500,2,0,0,1,1,0,1,1,56,3
501,2,0,0,4,1,0,0,1,31,6
502,2,0,0,4,1,0,0,1,32,6
503,2,1,0,2,1,0,0,1,46,6
504,2,1,0,2,1,1,0,0,36,6
505,1,4,0,4,1,2,0,0,19,1
506,2,4,0,4,1,0,0,0,55,6
507,2,4,0,4,1,1,0,0,24,6
508,2,4,0,4,1,0,0,1,18,3
509,2,3,0,0,1,0,1,1,78,6
510,2,0,0,4,1,1,0,0,18,1
511,1,4,0,4,1,2,1,1,63,1
512,2,2,0,2,1,0,0,1,28,6
513,2,2,0,2,1,0,0,1,34,6
514,1,0,0,4,1,1,0,0,45,1
515,1,0,0,4,1,1,0,0,66,1
516,1,0,0,1,1,0,0,1,33,6
517,2,0,0,2,1,0,0,1,40,6
518,1,4,0,4,1,2,0,0,64,6
519,2,0,0,4,1,0,0,1,41,5
520,1,4,0,4,1,2,0,0,19,1
521,1,4,0,4,1,2,0,1,21,6
522,1,0,0,4,1,2,0,1,17,6
523,1,4,0,2,1,2,0,0,12,6
524,2,3,0,4,1,0,0,1,28,6
525,2,3,0,4,1,1,0,1,43,6
526,2,0,0,4,1,0,1,0,61,6
527,2,0,0,4,1,0,0,1,87,6
528,2,0,0,4,1,0,0,1,53,6
529,2,0,0,4,1,0,0,1,25,6
530,2,0,0,4,1,1,0,1,20,6
531,2,0,0,4,1,0,0,0,58,6
532,2,0,0,4,1,0,0,1,37,1
533,2,0,0,4,1,1,0,1,50,1
534,3,4,0,2,1,0,0,0,25,6
535,2,0,0,4,1,1,0,0,19,6
536,1,4,0,4,1,1,1,0,85,1
537,2,0,0,4,1,0,0,1,21,6
538,2,0,0,4,1,1,0,0,17,6
539,2,4,0,2,1,0,0,1,27,6
540,2,4,0,4,1,0,0,1,72,6
541,2,4,0,4,1,0,0,0,69,6
542,2,4,0,4,1,0,0,0,42,6
543,2,0,0,4,1,0,0,0,24,6
544,2,4,0,0,0,0,0,1,30,6
545,2,4,0,0,0,0,0,0,20,6
546,2,4,0,0,0,1,0,1,26,6
547,2,4,0,4,1,0,0,0,18,6
548,2,0,0,4,0,1,0,0,73,6
549,2,0,0,4,1,0,0,1,53,3
550,2,2,0,4,1,0,0,1,43,3
551,2,2,0,2,1,0,0,1,20,5
552,3,2,0,4,1,0,0,0,24,6
553,3,2,0,4,1,1,0,0,2,6
554,2,0,0,4,1,0,0,0,36,6
555,2,0,0,4,1,0,0,1,37,6
556,2,0,0,4,1,0,0,0,40,6
557,1,4,0,2,1,0,0,0,41,6
558,2,0,0,4,1,0,0,0,44,6
559,2,0,0,2,1,0,0,1,29,6
560,2,0,0,2,1,1,0,0,22,6
561,1,0,0,2,1,0,0,1,51,3
562,1,0,0,2,1,2,1,1,16,3
563,3,0,0,4,1,0,0,1,29,6
564,3,0,0,4,1,0,0,1,59,2
565,2,4,0,4,1,0,0,1,65,5
566,2,4,0,4,1,0,1,1,38,5
567,1,0,0,4,1,0,1,1,29,3
568,1,4,0,4,1,2,1,1,14,6
569,1,0,0,4,1,2,0,0,26,6
570,2,4,0,4,1,2,0,0,87,6
571,1,2,0,4,1,2,0,0,12,6
572,1,2,0,4,1,2,0,0,12,6
573,7,0,0,4,1,0,0,1,21,6
574,7,0,0,4,1,1,0,0,18,6
575,7,0,0,4,1,0,0,0,19,6
576,7,0,0,4,1,0,0,1,35,6
577,7,0,0,4,1,0,0,0,37,6
578,7,0,0,4,1,1,0,1,20,6
579,1,4,0,2,1,2,1,0,11,6
580,3,3,0,4,1,0,0,1,29,2
581,2,0,0,2,1,0,0,1,62,6
582,2,4,0,4,1,0,0,0,41,6
583,2,4,0,2,1,0,0,1,20,3
584,2,0,0,4,1,0,0,0,65,5
585,2,0,0,4,1,0,0,0,19,6
586,2,0,0,4,1,0,0,1,19,2
587,2,0,0,4,1,0,0,0,38,6
588,2,0,0,4,1,0,0,0,19,6
589,1,3,0,0,1,0,1,1,28,6
590,1,4,0,2,1,0,0,1,31,6
591,2,4,0,4,1,0,0,1,33,3
592,2,4,0,4,1,0,0,1,28,6
593,2,4,0,4,1,0,0,0,56,6
594,2,4,0,4,1,0,0,1,19,5
595,2,4,0,2,1,0,0,1,23,6
596,2,4,0,2,1,0,0,0,44,6
597,2,4,0,2,1,1,0,0,22,6
598,4,3,0,4,1,0,0,0,27,6
599,4,3,0,4,1,0,0,1,38,6
600,4,3,0,4,1,0,0,1,38,6
601,2,4,0,4,1,1,0,1,31,6
602,2,0,0,4,1,0,1,1,17,3
603,2,4,0,4,1,0,1,1,47,5
604,1,4,0,1,1,1,0,1,28,1
605,2,0,0,4,1,0,0,0,19,3
606,2,1,0,4,1,0,0,1,58,6
607,1,0,0,4,1,1,0,0,47,1
608,2,0,0,4,1,0,0,0,19,6
609,2,4,0,4,1,0,0,1,30,6
610,2,4,0,4,1,0,0,1,25,6
611,1,4,0,1,1,1,1,1,21,6
612,1,4,0,1,1,1,0,1,22,4
613,1,4,0,1,1,1,0,1,22,4
614,3,0,0,4,1,0,0,0,19,6
615,3,0,0,4,1,0,0,1,65,6
616,2,4,0,2,1,0,0,1,41,6
617,2,0,0,4,1,0,0,1,24,6
618,2,2,0,4,1,0,1,1,19,3
619,1,4,0,4,1,2,1,0,60,6
620,2,0,0,4,1,0,0,1,25,5
621,2,0,0,4,1,0,0,1,35,3
622,2,0,0,4,1,0,0,1,18,6
623,2,0,0,4,1,0,0,1,54,6
624,2,0,0,4,1,1,0,0,23,1
625,2,0,0,4,1,1,0,1,45,1
626,1,0,4,2,1,2,0,1,47,6
627,2,4,0,4,1,0,0,0,42,6
628,2,4,0,4,1,1,0,0,1,6
629,2,4,0,4,1,1,0,0,16,6
630,2,4,0,4,1,1,0,0,33,6
631,2,4,0,4,1,1,0,1,44,6
632,1,0,0,4,0,1,0,0,32,1
633,2,0,0,4,1,0,0,1,27,6
634,4,4,0,4,1,0,0,0,25,6
635,4,4,0,4,1,1,0,0,18,1
636,4,4,0,4,1,1,0,0,31,6
637,2,0,0,4,1,0,0,1,43,6
638,1,0,0,4,1,2,0,0,14,6
639,1,4,4,4,4,2,0,1,44,6
640,2,4,0,4,1,0,0,1,51,6
641,2,4,0,4,1,1,0,0,28,6
642,2,4,0,4,1,1,0,0,6,6
643,2,4,0,4,1,0,0,0,32,6
644,2,4,0,4,1,0,0,1,48,6
645,2,4,4,2,5,0,0,1,18,6
646,2,0,0,4,1,0,0,1,24,6
647,2,0,0,4,1,1,0,0,22,6
648,2,0,0,4,1,1,0,0,5,6
649,2,0,0,4,1,1,0,0,2,6
650,2,4,0,4,1,0,0,0,39,6
651,1,4,0,4,1,2,0,0,14,6
652,1,4,0,4,1,2,0,0,13,6
653,2,4,0,4,1,0,0,1,29,5
654,3,0,4,4,4,0,0,0,75,6
655,3,0,4,4,4,1,0,0,49,6
656,1,4,0,4,1,2,0,1,11,6
657,2,4,4,4,1,0,0,0,36,6
658,2,4,4,4,1,0,0,1,21,6
659,1,4,4,2,1,2,0,0,21,6
660,1,4,4,2,1,2,0,0,20,6
661,1,0,0,4,1,1,0,0,26,1
662,1,4,0,4,1,2,0,1,14,1
663,2,4,4,2,5,1,0,0,30,6
664,2,4,4,2,5,1,0,0,31,6
665,3,0,4,4,5,0,0,0,47,6
666,3,0,4,4,5,0,0,0,22,6
667,3,0,4,4,5,1,0,1,11,6
668,3,0,4,4,5,1,0,1,55,6
669,2,0,4,4,4,0,0,1,40,6
670,2,0,4,4,4,1,0,0,40,6
671,2,0,4,4,4,1,0,1,29,6
672,2,0,4,4,4,1,0,1,35,6
673,1,0,0,1,1,1,0,1,46,6
674,1,4,0,4,1,2,1,1,13,6
675,2,4,0,2,1,1,0,1,33,6
676,2,4,0,4,1,0,1,1,17,3
677,1,0,0,4,1,0,0,1,60,6
678,1,4,0,4,1,1,0,1,40,1
679,2,4,0,4,1,0,0,1,17,5
680,2,4,0,4,1,0,0,1,13,5
681,1,4,0,4,1,2,1,1,15,3
682,2,0,0,4,1,0,0,1,33,6
683,2,0,0,4,1,1,0,0,68,6
684,2,0,0,4,1,0,0,1,12,5
685,2,0,0,4,1,0,1,1,20,6
686,2,4,4,2,1,0,0,1,35,6
687,2,4,4,2,1,1,0,0,25,6
688,2,4,4,2,1,1,0,1,45,6
689,2,4,4,2,1,1,0,0,48,6
690,2,4,4,2,1,1,0,0,46,6
691,2,4,0,4,1,0,0,0,22,6
692,2,4,0,4,1,0,0,0,31,6
693,2,4,0,4,1,1,0,0,9,6
694,2,4,0,4,1,1,0,0,1,6
695,1,4,0,4,1,0,1,1,48,3
696,1,4,0,4,1,2,0,0,6,6
697,2,4,0,4,1,0,0,0,56,6
698,2,4,0,4,1,1,0,0,61,6
699,2,0,0,4,1,0,0,0,24,5
700,2,4,0,4,1,1,0,0,35,6
701,1,4,0,4,1,2,0,1,9,6
702,2,2,0,2,1,0,0,1,56,3
703,2,2,0,2,1,1,1,0,30,3
704,1,0,0,4,1,2,0,1,61,1
705,2,0,0,2,1,0,0,1,24,6
706,2,0,0,2,1,0,0,1,46,6
707,2,0,0,2,1,1,0,1,24,6
708,2,0,0,2,1,1,0,0,45,6
709,2,0,0,2,1,1,0,0,38,6
710,2,0,0,2,1,0,0,0,65,6
711,2,0,0,2,1,1,0,1,55,6
712,4,3,0,4,1,0,0,0,38,6
713,4,3,0,4,1,0,0,1,23,6
714,1,4,0,4,1,2,0,0,11,6
715,2,0,0,4,1,0,0,1,46,3
716,1,4,0,4,1,0,0,1,25,6
717,2,4,0,4,1,0,0,0,9,5
718,2,0,0,4,1,0,0,1,59,3
719,2,0,0,4,1,1,0,0,59,3
720,2,2,0,4,1,0,1,0,12,5
721,1,4,0,4,1,2,0,1,7,6
722,1,4,4,1,1,0,0,1,20,6
723,3,4,0,4,1,0,0,1,25,5
724,1,0,0,4,1,2,1,1,26,6
725,2,0,0,4,1,0,0,1,46,3
726,2,0,0,4,1,0,0,1,24,6
727,2,0,0,4,1,1,0,0,24,6
728,2,0,0,4,1,1,0,1,30,6
729,2,0,0,4,1,1,0,0,26,6
730,2,0,0,4,1,1,0,1,21,6
731,1,4,0,2,1,1,0,1,21,1
732,2,0,0,4,1,0,0,1,46,3
733,1,4,0,4,1,0,0,1,17,6
734,1,4,0,4,1,1,0,1,18,6
735,2,4,4,2,5,0,0,1,29,5
736,3,0,4,4,5,1,0,0,55,6
737,2,4,0,4,1,0,0,1,20,6
738,2,4,0,4,1,1,0,1,18,6
739,2,0,0,4,1,0,0,0,24,6
740,2,0,0,4,1,0,0,1,36,6
741,2,0,0,4,1,0,0,0,56,6
742,2,0,4,4,5,0,0,1,72,6
743,2,0,4,4,5,0,0,1,28,6
744,2,0,4,2,1,0,0,1,39,5
745,1,4,0,4,1,2,0,0,79,6
746,2,1,0,2,1,0,0,1,54,6
747,1,4,0,4,1,2,0,1,12,6
748,2,1,0,4,1,0,0,0,50,6
749,2,1,0,4,1,0,0,1,32,6
750,2,4,0,4,1,0,0,0,32,6
751,2,0,0,4,1,1,0,0,75,2
752,2,4,0,4,1,0,0,0,27,6
753,1,2,0,4,1,2,1,1,23,6
754,2,4,4,4,5,0,0,1,77,6
755,2,4,4,4,5,0,0,0,45,6
756,1,0,0,4,1,2,0,1,19,3
757,2,4,0,1,1,0,0,1,54,6
758,2,4,0,1,1,0,0,1,20,6
759,1,0,4,2,5,0,0,1,18,3
760,1,4,0,2,1,2,0,1,45,1
761,2,0,0,4,1,0,0,1,59,6
762,1,0,0,4,1,1,0,0,60,1
763,1,0,0,4,1,1,0,0,10,1
764,1,4,0,4,1,2,0,0,37,6
765,3,1,0,4,1,0,0,0,45,6
766,3,1,0,4,1,0,0,0,45,6
767,2,0,0,4,1,1,0,0,59,6
768,2,0,0,4,1,0,0,0,24,6
769,2,4,0,4,1,0,0,1,20,6
770,2,4,0,4,1,1,0,0,19,6
771,2,0,0,2,1,0,0,1,21,6
772,2,0,0,2,1,0,1,1,50,6
773,2,0,0,2,1,1,1,0,49,6
774,1,4,0,4,1,2,0,1,9,6
775,2,4,0,4,1,1,0,0,62,6
776,2,4,0,4,1,2,0,0,45,6
777,2,4,0,4,1,1,0,1,17,6
778,2,4,0,4,1,1,0,1,17,6
779,2,0,0,2,1,0,0,1,27,6
780,2,0,0,2,1,1,0,1,15,6
781,2,0,0,2,1,1,0,1,18,6
782,2,0,0,2,1,1,0,1,22,6
783,1,4,0,4,1,1,0,0,22,1
784,1,4,0,4,1,1,0,1,21,1
785,2,4,0,4,1,1,0,1,20,6
786,2,4,0,2,1,0,0,0,45,6
787,2,3,0,4,1,0,0,1,64,6
788,2,4,0,4,1,0,0,1,20,5
789,2,4,0,4,1,1,0,1,66,6
790,1,4,0,4,1,2,0,1,6,6
791,2,0,0,2,1,0,0,0,63,6
792,2,0,0,2,1,0,0,0,49,6
793,2,0,0,2,1,1,1,1,73,6
794,2,0,0,2,1,1,0,0,49,6
795,2,4,0,4,1,0,0,1,58,3
796,2,4,0,4,1,0,0,1,38,5
797,3,4,0,4,1,0,0,1,23,6
798,3,4,0,4,1,0,0,1,19,6
799,3,4,0,4,1,0,0,1,50,6
800,1,4,0,4,1,2,1,0,74,6
801,2,2,0,4,1,0,0,1,23,6
802,2,2,0,4,1,1,0,0,19,6
803,2,0,0,4,1,0,0,1,64,2
804,1,0,0,4,1,1,0,0,8,1
805,6,1,0,4,1,0,0,1,28,6
806,6,1,0,4,1,0,0,1,37,6
807,6,1,0,4,1,0,0,1,30,6
808,6,1,0,4,1,0,0,1,25,6
809,6,1,0,4,1,0,0,1,46,6
810,6,1,0,4,1,1,0,0,28,6
811,2,0,0,4,1,0,0,0,58,6
812,1,4,0,4,1,1,0,0,78,1
813,1,2,0,4,1,2,1,1,84,6
814,2,4,4,2,1,0,0,1,25,5
815,2,4,0,4,1,0,1,1,58,5
816,2,2,0,2,1,0,0,1,44,6
817,2,2,0,2,1,0,0,1,30,6
818,2,0,0,4,1,1,0,1,43,2
819,2,4,0,0,1,0,0,1,18,6
820,2,4,0,0,1,1,0,1,18,6
821,2,4,0,0,1,1,0,0,16,6
822,2,4,0,0,1,1,0,1,17,6
823,1,4,0,4,1,2,1,1,35,6
824,2,4,0,4,1,1,0,1,35,6
825,1,4,0,4,1,2,0,1,32,2
826,2,0,0,4,1,0,0,0,64,6
827,2,0,0,4,1,1,0,0,38,6
828,2,4,0,4,1,0,0,1,41,6
829,1,0,0,4,1,2,0,1,12,6
830,1,4,0,4,1,2,0,0,6,6
831,1,4,0,4,1,2,0,0,12,6
832,2,4,0,4,1,0,0,0,25,6
833,2,4,0,4,1,1,0,0,36,6
834,2,4,0,4,1,1,0,0,35,6
835,2,4,0,4,1,1,0,0,22,6
836,2,0,0,4,1,0,0,1,77,6
837,3,4,0,4,1,0,0,1,6,5
838,2,4,0,4,1,0,0,0,31,6
839,2,2,0,4,1,0,0,1,61,5
840,2,0,0,4,1,0,0,0,53,6
841,1,4,0,4,1,2,0,1,10,6
842,2,4,0,4,1,0,0,1,53,2
843,2,4,0,4,1,1,0,1,15,6
844,2,4,0,4,1,1,0,1,14,6
845,2,0,0,4,1,0,0,0,63,6
846,2,0,0,4,1,1,0,1,19,6
847,2,0,0,4,1,1,0,1,21,6
848,2,0,0,4,1,1,0,0,18,6
849,2,4,0,4,1,0,0,1,28,6
850,2,4,0,4,1,1,0,0,28,6
851,2,0,0,4,1,0,0,0,29,5
852,1,0,0,4,1,0,0,1,19,3
853,1,0,0,4,1,1,0,1,22,3
854,1,0,0,4,1,2,1,0,66,3
855,2,0,0,4,1,0,1,1,38,3
856,2,4,0,4,1,0,0,0,37,6
857,2,2,0,4,1,0,0,1,47,5
858,2,4,0,4,1,1,0,0,81,6
859,2,4,0,4,1,1,0,1,82,6
860,2,4,0,4,1,1,0,0,78,6
861,2,4,0,4,1,0,0,1,33,5
862,3,0,0,4,1,0,0,1,50,6
863,1,4,0,4,1,1,0,0,70,1
864,3,4,0,4,1,0,0,1,30,5
865,2,0,0,4,1,0,0,1,44,5
866,3,4,0,4,1,0,0,0,72,6
867,3,4,0,4,1,1,0,0,18,6
868,1,4,0,4,1,1,0,0,77,1
869,2,4,0,4,1,0,0,1,40,6
870,2,2,0,2,1,0,1,1,25,5
871,2,4,0,2,1,0,0,0,21,6
872,2,0,0,4,1,0,0,0,34,6
873,2,0,0,4,1,1,0,0,53,6
874,2,0,0,4,1,0,0,1,50,6
875,1,4,0,4,1,2,0,0,1,6
876,3,0,0,4,1,0,0,0,26,6
877,3,0,0,4,1,0,1,0,37,6
878,3,0,0,4,1,1,0,0,5,6
879,3,0,0,4,1,1,0,1,2,6
880,1,4,0,2,1,0,1,1,17,3
881,1,4,0,2,1,1,1,1,17,3
882,1,0,0,4,1,1,0,0,60,1
883,1,4,0,4,1,1,0,0,71,1
884,2,4,0,4,1,1,0,0,30,6
885,2,4,0,2,1,0,1,1,15,3
886,2,0,0,4,1,0,0,1,23,3
887,2,0,0,4,1,0,0,1,36,6
888,2,0,0,4,1,0,0,1,51,6
889,2,3,0,1,1,0,0,1,52,2
890,3,0,0,4,1,0,1,1,39,6
891,3,0,0,4,1,0,0,1,34,6
892,3,0,0,4,1,1,1,1,16,6
893,3,0,0,4,1,1,1,1,12,6
894,3,0,0,4,1,1,1,0,7,6
895,2,4,0,4,1,0,0,1,32,6
896,2,4,0,4,1,1,0,1,11,6
897,2,4,0,1,1,0,0,1,37,6
898,1,0,0,2,1,2,0,1,36,6
899,1,3,0,2,1,0,0,1,25,3
900,2,0,0,4,1,0,0,0,31,6
901,2,4,0,4,1,0,0,1,6,5
902,4,0,0,2,1,0,0,1,36,6
903,4,0,0,2,1,0,0,0,28,6
904,4,0,0,2,1,1,0,0,31,6
905,2,0,0,4,1,0,1,1,45,3
906,2,0,0,4,1,0,0,0,33,6
907,2,0,0,4,1,1,0,0,29,6
908,2,0,0,2,1,0,0,1,18,6
909,2,4,0,2,1,0,0,1,48,6
910,2,4,0,2,1,0,0,1,23,6
911,1,4,0,4,1,2,0,0,18,6
912,1,3,0,4,1,0,0,1,26,6
913,1,3,0,4,1,1,0,0,24,6
914,2,3,0,4,1,0,0,1,21,6
915,1,4,0,4,1,1,0,1,5,1
916,2,4,4,4,5,1,0,0,20,2
917,1,4,0,4,8,1,0,1,45,1
918,2,0,0,4,1,0,0,1,23,6
919,2,0,4,4,5,0,0,1,46,6
920,2,0,4,4,5,0,0,0,52,6
921,2,0,4,4,5,1,0,0,26,6
922,2,0,4,4,5,1,0,0,18,6
923,1,3,0,4,1,0,0,0,32,6
924,2,0,0,4,1,0,0,1,23,5
925,1,1,4,4,5,0,0,1,64,6
926,2,0,4,4,5,0,0,1,20,5
927,2,4,0,4,1,0,0,1,50,6
928,2,0,4,4,5,0,0,1,15,5
929,2,1,0,4,1,0,0,0,67,6
930,2,0,0,4,8,1,0,0,51,5
931,1,4,4,4,5,0,0,1,32,6
932,2,4,0,4,1,1,1,1,16,3
933,2,4,0,4,1,1,1,1,18,6
934,2,0,0,4,1,0,0,0,23,5
935,2,0,0,2,1,0,0,1,50,6
936,1,4,0,4,1,2,0,1,43,6
937,3,0,0,4,1,0,0,0,61,6
938,2,4,0,4,1,0,0,1,78,4
939,1,4,0,4,1,2,0,1,12,1
940,1,4,0,4,1,2,0,1,45,6
941,2,0,4,4,1,0,0,1,29,6
942,2,0,4,4,1,0,0,0,48,6
943,1,0,0,4,1,2,0,0,14,6
944,1,0,4,4,1,1,0,1,19,6
945,1,4,0,4,1,2,0,0,11,6
946,2,1,0,4,1,0,0,1,68,6
947,2,1,0,4,1,1,0,0,67,6
948,1,2,0,4,1,2,0,1,16,6
949,3,4,0,4,1,2,1,1,34,6
950,3,4,0,4,1,2,0,0,24,6
951,1,0,4,2,1,0,0,1,30,6
952,2,0,0,4,1,0,1,0,46,3
953,2,0,0,4,1,0,0,0,62,6
954,2,1,0,4,1,0,0,0,50,6
955,2,1,0,4,1,1,0,1,16,6
956,2,4,0,4,1,0,0,0,75,6
957,2,4,0,4,1,0,0,1,26,5
958,2,4,0,4,1,0,0,0,34,6
959,2,4,0,4,1,0,0,1,17,6
960,2,4,0,4,1,1,0,1,16,6
961,2,4,0,4,1,0,0,0,60,6
962,2,4,0,4,1,0,0,0,41,6
963,2,4,0,4,1,1,0,1,16,6
964,2,0,0,4,1,0,0,1,24,6
965,1,4,0,4,1,2,1,1,26,1
966,2,4,0,4,1,0,0,1,74,5
967,2,0,0,4,1,0,0,0,22,6
968,2,0,0,4,1,1,0,1,23,6
969,2,4,0,4,1,0,0,1,33,6
970,1,0,0,2,1,0,0,1,20,6
971,1,4,0,4,1,0,0,0,25,6
972,2,0,0,4,1,0,1,1,18,3
973,2,0,0,4,1,0,0,0,23,6
974,2,4,0,4,1,0,0,0,60,6
975,2,0,4,4,5,1,0,0,61,6
976,1,4,0,4,1,2,1,1,25,4
977,1,4,0,4,1,2,1,0,38,4
978,2,0,0,4,1,0,0,0,44,6
979,2,0,0,4,1,0,0,0,36,6
980,3,4,0,2,1,0,0,1,29,6
981,1,0,4,2,1,0,0,0,18,6
982,1,0,4,2,1,1,0,0,18,6
983,1,4,4,4,1,2,0,1,57,6
984,2,4,0,4,1,0,0,1,19,6
985,2,0,4,4,1,0,0,1,20,3
986,2,4,0,4,1,0,0,0,24,6
987,2,4,0,4,1,1,0,1,2,6
988,2,0,4,4,5,0,0,1,34,6
989,2,0,4,4,5,1,0,1,22,6
990,1,4,4,4,3,2,0,0,12,6
991,2,0,4,4,5,0,0,1,52,6
992,2,0,4,4,5,1,0,0,19,6
993,1,4,0,4,1,2,0,0,15,6
994,1,4,0,4,1,2,1,0,36,6
995,1,4,0,4,1,2,1,1,6,6
996,2,4,0,4,1,1,0,0,21,6
997,2,4,0,4,1,0,0,0,38,6
998,2,0,0,4,1,0,0,1,32,5
999,1,2,4,2,1,0,0,1,26,6
1000,1,0,0,4,1,1,0,1,68,1
1001,1,4,0,4,1,2,0,1,5,6
1002,1,4,0,4,1,2,0,1,12,6
1003,2,0,0,4,1,0,0,0,17,6
1004,2,0,0,4,1,0,0,0,58,6
1005,2,0,0,4,1,0,0,1,37,6
1006,2,4,0,4,1,0,0,1,26,6
1007,2,4,0,4,1,0,0,1,45,6
1008,3,0,0,4,1,0,0,0,18,6
1009,3,0,0,4,1,1,0,1,23,6
1010,2,3,0,4,1,0,0,1,19,6
1011,2,4,0,4,1,0,0,1,40,5
1012,2,4,4,4,3,0,0,1,21,6
1013,2,4,4,4,3,0,0,1,33,6
1014,2,4,4,4,3,1,0,1,23,6
1015,1,0,0,4,1,0,1,1,36,2
1016,2,2,0,2,1,0,0,1,29,6
1017,2,4,0,4,1,0,0,0,36,6
1018,2,4,0,4,1,0,0,1,24,6
1019,2,4,0,4,1,1,0,1,50,6
1020,2,4,0,4,1,1,0,0,23,6
1021,2,4,0,4,1,1,0,0,44,6
1022,1,4,0,2,1,2,0,0,28,6
1023,2,4,0,4,1,0,1,1,15,5
1024,2,4,0,1,1,0,0,1,20,5
1025,1,2,0,4,1,2,0,1,12,6
1026,1,0,0,1,1,0,0,1,34,6
1027,1,0,0,1,1,1,0,1,31,6
1028,3,4,0,4,1,0,0,1,19,6
1029,1,0,0,4,1,2,0,0,58,6
1030,4,1,0,4,1,0,0,1,41,6
1031,4,1,0,4,1,0,0,1,41,6
1032,4,1,0,4,1,1,0,0,56,6
1033,3,4,0,4,1,0,0,1,60,6
1034,2,0,0,4,1,0,0,1,12,5
1035,1,4,0,4,1,2,1,1,13,6
1036,2,4,0,4,1,0,0,1,47,5
1037,1,4,0,4,1,1,0,0,67,1
1038,2,0,0,4,1,1,0,0,11,6
1039,1,0,0,4,1,1,0,1,34,1
1040,1,0,0,2,1,0,0,1,22,6
1041,2,0,0,4,1,0,0,1,37,3
1042,2,4,0,4,1,0,0,1,25,6
1043,2,4,0,4,1,0,0,1,17,5
1044,1,0,0,4,1,2,0,1,18,1
1045,2,0,0,4,1,0,0,0,24,6
1046,2,0,0,4,1,1,0,0,24,6
1047,2,0,0,4,1,0,0,0,20,6
1048,2,4,0,4,1,0,0,0,38,6
1049,2,4,0,4,1,0,0,0,31,3
1050,1,4,0,4,1,2,0,0,25,6
1051,2,0,0,4,1,0,0,0,55,6
1052,2,0,0,4,1,0,0,1,40,6
1053,2,0,0,4,1,0,0,1,30,6
1054,2,0,0,4,1,0,0,1,27,5
1055,2,0,0,4,1,1,0,1,18,6
1056,2,0,0,4,1,1,0,1,30,6
1057,1,4,0,4,1,1,0,0,16,1
1058,2,4,0,2,1,1,0,1,46,2
1059,2,4,0,2,1,1,0,0,18,6
1060,2,4,0,2,1,1,0,1,20,6
1061,2,0,4,4,5,0,0,0,19,6
1062,2,0,4,4,5,1,0,1,23,6
1063,1,4,4,4,5,1,0,1,29,1
1064,2,4,0,4,1,0,0,1,51,6
1065,2,4,4,4,1,0,0,0,47,6
1066,2,4,4,4,1,1,0,1,21,6
1067,2,4,4,4,1,1,0,0,14,6
1068,3,1,4,4,5,0,0,1,79,6
1069,1,4,4,4,1,0,0,1,17,3
1070,2,4,4,4,5,0,0,1,45,6
1071,2,4,4,4,5,0,0,0,30,6
1072,2,4,4,4,5,1,0,1,32,6
1073,2,4,4,4,5,1,0,1,31,6
1074,2,4,4,4,5,1,0,0,8,6
1075,2,4,4,4,5,0,0,0,19,6
1076,2,4,4,4,5,0,0,0,66,6
1077,2,2,4,4,5,0,0,1,27,6
1078,2,2,4,4,5,1,0,0,24,6
1079,2,0,4,4,5,1,0,1,46,6
1080,1,3,1,4,5,0,0,0,24,6
1081,1,3,1,4,5,1,0,0,54,6
1082,2,4,4,4,1,0,0,1,35,6
1083,2,1,0,4,1,0,0,1,22,6
1084,1,4,4,4,8,1,0,1,65,1
1085,1,4,0,4,8,1,1,0,69,1
1086,2,4,4,4,1,0,0,1,43,6
1087,2,4,4,4,1,0,0,0,40,6
1088,2,4,4,4,1,0,0,1,16,5
1089,1,4,4,4,5,1,0,0,65,1
1090,1,4,0,1,1,1,0,1,62,6
1091,2,0,4,4,5,0,0,1,24,6
1092,1,4,4,4,1,2,0,1,46,6
1093,2,4,0,4,1,0,0,0,38,6
1094,2,4,0,4,1,0,1,1,31,3
1095,2,2,0,4,1,0,0,1,59,5
1096,2,0,0,4,1,0,0,1,35,6
1097,2,0,0,4,1,1,0,0,35,6
1098,2,0,0,4,1,0,0,0,75,6
1099,6,3,0,4,1,0,1,1,50,2
1100,6,3,0,4,1,0,0,1,44,2
1101,6,3,0,4,1,0,1,1,56,2
1102,6,3,0,4,1,0,0,1,29,2
1103,6,3,0,4,1,1,1,1,35,2
1104,6,3,0,4,1,1,1,1,55,2
1105,6,3,0,4,1,1,1,1,35,2
1106,3,4,4,4,4,0,0,0,28,6
1107,3,4,4,4,4,0,0,1,19,6
1108,3,4,4,4,4,1,0,0,30,6
1109,2,4,4,4,3,0,0,1,33,6
1110,2,4,4,4,1,0,0,0,33,6
1111,1,4,4,4,1,2,0,0,14,6
1112,2,4,4,4,1,1,0,1,11,6
1113,2,4,4,4,1,1,0,0,33,6
1114,2,4,4,4,1,1,0,0,78,6
1115,1,4,4,4,5,2,0,1,72,3
1116,2,4,4,2,4,0,0,1,36,2
1117,2,4,4,4,1,1,0,0,41,6
1118,2,4,0,4,1,0,0,1,9,5
1119,2,4,0,4,1,1,0,0,15,6
1120,2,4,0,4,1,1,0,0,30,6
1121,1,4,0,4,1,2,1,0,11,6
1122,2,4,0,4,1,0,0,1,42,3
1123,2,2,0,4,1,0,0,1,40,5
1124,2,4,0,0,1,0,0,0,18,6
1125,1,4,0,4,1,0,0,1,23,1
1126,1,4,0,4,1,1,0,1,34,1
1127,2,4,0,4,1,0,0,1,40,6
1128,2,4,0,4,1,1,0,1,4,6
1129,1,4,0,4,1,2,0,1,7,6
1130,2,0,0,4,1,0,0,0,24,6
1131,2,0,0,4,1,1,1,1,50,6
1132,2,0,0,4,1,1,0,0,22,6
1133,1,4,0,4,1,2,0,1,69,2
1134,1,0,0,4,1,1,0,0,68,1
1135,1,4,0,4,1,2,1,1,68,1
1136,2,4,0,4,1,1,0,0,43,6
1137,3,3,0,1,1,0,0,0,25,6
1138,1,4,0,4,1,2,0,0,35,6
1139,1,4,0,4,1,2,1,0,93,6
1140,1,4,0,4,1,2,0,0,74,6
1141,1,4,0,4,1,2,0,0,70,2
1142,2,4,0,4,1,0,0,1,50,6
1143,1,2,0,4,1,2,0,1,17,6
1144,2,0,0,4,1,0,0,1,26,6
1145,2,0,0,4,1,0,0,1,23,6
1146,2,0,0,4,1,0,0,0,19,6
1147,3,0,0,4,1,0,0,1,21,6
1148,3,0,0,4,1,1,0,1,21,6
1149,3,0,0,4,1,1,0,1,19,6
1150,2,4,0,4,1,0,0,1,19,3
1151,2,4,0,4,1,0,0,0,44,6
1152,5,4,0,2,1,0,1,1,29,6
1153,2,0,0,4,1,0,0,1,43,5
1154,2,0,0,4,1,0,0,1,20,5
1155,2,4,0,4,1,1,0,1,25,1
1156,2,4,0,4,1,1,0,0,43,1
1157,2,4,0,4,1,1,0,0,51,1
1158,3,4,0,2,1,0,1,1,19,6
1159,1,4,0,4,1,2,0,0,18,6
1160,1,4,0,4,1,2,0,1,61,6
1161,2,2,0,4,1,0,0,0,18,6
1162,1,4,0,4,1,2,0,0,8,6
1163,2,4,0,4,1,0,1,1,10,5
1164,3,0,0,4,1,0,0,0,38,6
1165,3,0,0,4,1,1,0,0,20,6
1166,2,4,0,2,1,1,0,1,16,3
1167,2,4,0,2,1,1,0,0,37,6
1168,2,4,0,2,1,1,0,0,14,6
1169,1,4,0,4,1,2,0,0,2,6
1170,2,0,0,4,1,0,0,1,17,3
1171,1,0,0,4,1,1,0,0,84,1
1172,1,4,0,4,1,1,0,0,39,1
1173,2,4,0,4,1,0,0,0,59,6
1174,2,4,0,4,1,0,0,0,47,6
1175,1,4,0,4,1,1,0,1,19,6
1176,1,4,0,4,1,1,1,1,19,6
1177,1,4,0,4,1,2,0,0,13,6
1178,1,0,0,4,1,1,0,0,23,1
1179,1,4,0,4,1,2,0,1,10,6
1180,1,0,0,4,1,2,0,1,43,6
1181,3,0,0,4,1,0,1,1,18,5
1182,1,4,0,4,1,2,0,0,18,5
1183,2,4,0,4,1,0,0,1,21,6
1184,2,4,0,4,1,1,0,1,19,6
1185,2,4,0,4,1,1,0,1,22,6
1186,2,4,0,4,1,1,0,0,18,6
1187,2,4,0,4,1,0,0,0,32,6
1188,1,0,0,4,1,2,0,0,17,6
1189,2,4,0,4,1,1,0,0,14,6
1190,2,2,0,4,1,0,0,1,48,6
1191,2,2,0,4,1,1,0,0,14,6
1192,2,2,0,4,1,1,0,0,47,6
1193,1,4,0,4,1,2,0,1,4,6
1194,2,1,0,4,1,0,0,1,43,3
1195,2,1,0,4,1,0,0,1,29,6
1196,2,0,0,4,1,0,1,1,45,3
1197,2,0,0,4,1,1,0,0,34,3
1198,1,0,0,4,1,2,0,0,38,6
1199,2,0,0,4,1,0,0,0,41,6
1200,2,0,0,4,1,1,0,1,29,6
1201,1,4,0,4,1,1,0,1,79,1
1202,2,0,0,4,1,0,0,1,18,3
1203,2,0,0,1,1,0,0,1,18,6
1204,3,0,0,4,1,0,0,1,53,6
1205,3,0,0,4,1,1,0,0,52,6
1206,2,4,0,4,1,0,0,1,27,6
1207,2,4,0,4,1,0,0,1,49,6
1208,2,4,0,4,1,0,0,1,88,6
1209,2,4,0,4,1,0,0,1,74,6
1210,2,4,0,4,1,1,0,0,84,6
1211,2,4,0,4,1,1,0,0,72,6
1212,1,4,0,4,1,2,0,1,10,6
1213,2,0,0,4,1,0,0,1,38,3
1214,1,3,0,4,1,0,0,1,20,6
1215,1,4,0,4,1,2,0,0,37,6
1216,1,1,0,0,1,0,0,1,38,6
1217,1,1,0,0,1,1,1,1,29,6
1218,2,4,0,4,1,0,0,1,28,3
1219,1,4,0,4,1,2,0,1,32,5
1220,1,4,0,4,1,0,0,1,26,5
1221,2,0,0,4,1,0,0,1,23,6
1222,2,4,0,4,1,1,1,1,18,3
1223,2,0,0,4,1,0,0,1,31,6
1224,1,4,0,2,1,2,0,1,23,6
1225,2,0,0,4,1,0,1,1,32,5
1226,1,0,0,4,1,1,0,1,38,1
1227,1,0,0,4,1,0,1,1,26,3
1228,1,4,0,2,1,2,0,1,22,6
1229,2,0,0,4,0,1,0,0,75,1
1230,2,4,0,4,1,0,0,1,33,5
1231,2,4,0,4,1,0,0,0,20,3
1232,1,4,0,4,1,2,1,0,8,6
1233,2,4,0,4,1,0,0,1,51,5
1234,2,0,0,4,1,0,0,1,57,6
1235,2,0,0,4,1,0,0,0,55,6
1236,2,0,0,4,1,1,0,0,63,6
1237,2,4,0,4,1,0,0,1,39,5
1238,2,0,0,4,1,0,0,1,39,5
1239,1,4,0,4,1,1,0,0,36,1
1240,2,4,0,4,1,0,0,1,11,5
1241,2,4,0,4,1,0,0,1,26,5
1242,2,4,4,4,5,0,0,1,25,6
1243,2,4,0,4,1,0,0,1,15,5
1244,2,0,0,4,1,0,0,1,38,6
1245,2,0,0,4,1,0,0,0,19,6
1246,1,0,4,1,1,0,0,1,20,6
1247,1,4,0,4,1,2,0,1,26,1
1248,1,3,4,4,5,0,0,0,21,6
1249,2,4,0,4,1,0,0,0,26,6
1250,2,4,0,4,1,0,0,1,52,6
1251,2,3,0,1,1,0,0,1,26,6
1252,2,4,4,4,1,0,0,1,46,6
1253,1,0,0,2,1,2,0,0,26,6
1254,1,0,0,2,1,0,0,1,19,6
1255,1,0,0,2,1,1,0,1,19,6
1256,2,0,0,4,1,0,0,1,47,6
1257,2,0,0,4,1,0,0,1,61,6
1258,2,0,0,4,1,0,0,0,37,6
1259,1,0,0,4,1,2,0,0,17,4
1260,1,4,0,4,1,1,0,0,78,1
1261,2,4,0,4,1,0,0,0,29,6
1262,1,0,0,4,1,1,0,1,25,2
1263,1,0,0,4,1,0,1,1,16,3
1264,1,0,0,4,1,2,1,1,34,6
1265,2,0,0,2,1,1,0,1,60,1
1266,2,0,0,2,1,1,0,0,60,1
1267,1,4,0,4,1,1,0,0,72,1
1268,1,4,0,4,1,0,1,1,18,3
1269,2,4,0,4,1,0,0,0,29,6
1270,2,4,0,4,1,0,0,0,45,6
1271,2,4,0,4,1,0,0,0,47,6
1272,1,0,0,4,1,2,0,1,14,4
1273,2,4,0,4,1,0,0,1,59,3
1274,2,4,4,4,1,0,0,1,25,3
1275,2,4,0,4,1,0,0,1,37,6
1276,2,0,0,4,1,1,0,0,24,6
1277,2,0,0,4,1,0,0,1,10,5
1278,3,4,4,4,1,1,0,0,34,6
1279,2,0,0,4,1,0,0,1,26,6
1280,2,3,0,4,1,0,0,0,56,6
1281,2,3,0,4,1,0,0,0,32,6
1282,2,4,0,4,1,0,0,1,58,6
1283,2,0,0,2,1,0,0,1,47,6
1284,2,0,0,2,1,1,0,1,19,6
1285,2,0,0,2,1,1,0,0,19,6
1286,1,4,0,2,1,2,0,1,16,6
1287,2,1,0,4,1,0,0,1,22,6
1288,2,0,0,4,1,0,0,1,30,6
1289,2,0,0,4,1,0,0,1,28,6
1290,2,4,0,4,1,0,0,1,19,3
1291,2,0,0,4,1,0,0,0,27,6
1292,2,0,0,4,1,0,0,0,33,6
1293,2,0,0,4,1,0,0,1,82,6
1294,2,4,0,4,1,0,1,1,38,5
1295,2,0,0,1,1,0,0,1,28,6
1296,2,4,0,4,1,0,0,1,9,5
1297,2,4,0,4,1,0,0,1,14,5
1298,2,4,0,2,1,0,0,1,22,6
1299,1,4,0,4,1,0,0,1,62,6
1300,2,0,0,4,1,0,0,0,33,6
1301,2,0,0,4,1,1,0,0,9,6
1302,2,0,0,4,1,1,0,0,30,6
1303,2,0,0,4,1,0,0,1,53,3
1304,2,0,0,4,1,1,0,0,50,3
1305,3,4,0,4,1,0,0,0,53,5
1306,3,4,0,4,1,0,0,0,32,6
1307,2,4,0,4,1,0,0,1,33,3
1308,2,0,4,4,1,0,0,1,46,6
1309,2,0,4,4,1,0,0,1,59,6
1310,2,4,0,4,1,0,0,1,32,6
1311,2,0,4,4,1,2,1,0,12,6
1312,2,0,4,4,1,0,0,1,21,6
1313,2,4,4,4,5,1,0,1,20,6
1314,1,4,0,4,1,2,0,1,21,6
1315,2,4,0,2,1,0,0,1,38,6
1316,2,4,0,2,1,0,0,1,26,6
1317,1,4,0,4,1,1,0,0,26,1
1318,2,4,0,4,1,0,0,1,72,6
1319,2,4,0,4,1,1,0,1,41,6
1320,2,0,0,4,1,0,0,0,55,5
1321,2,4,0,4,1,0,0,1,66,5
1322,3,4,0,4,1,0,0,0,47,6
1323,3,4,0,4,1,0,0,0,39,6
1324,3,4,0,4,1,1,0,0,24,6
1325,3,3,0,4,1,0,0,1,38,6
1326,2,4,0,4,1,0,0,1,40,5
1327,2,4,0,4,1,0,0,1,19,5
1328,1,4,0,4,1,2,0,1,17,1
1329,1,4,0,4,1,1,0,0,69,1
1330,1,4,0,4,1,0,1,1,18,3
1331,2,4,4,4,5,0,0,0,65,6
1332,2,0,0,4,1,0,0,1,18,5
1333,2,0,4,4,1,0,0,1,31,6
1334,2,0,0,4,1,0,0,1,48,6
1335,2,0,0,4,1,0,0,0,44,6
1336,2,0,0,4,1,1,0,0,38,6
1337,2,0,0,4,1,1,0,0,16,6
1338,2,0,0,4,0,0,0,1,29,3
1339,1,4,0,4,1,2,1,0,4,6
1340,2,4,0,4,1,0,0,0,21,6
1341,2,0,0,4,1,0,0,0,53,5
1342,2,4,0,4,1,0,0,1,52,6
1343,2,0,0,2,1,0,0,0,22,6
1344,2,0,0,2,1,1,0,1,23,6
1345,2,0,0,2,1,1,0,0,26,1
1346,2,4,0,4,1,0,0,1,50,6
1347,2,4,0,2,8,0,0,1,31,5
1348,2,1,0,4,1,0,0,1,56,6
1349,2,1,0,4,1,0,0,0,26,6
1350,2,0,0,4,1,1,0,1,87,1
1351,2,4,0,4,0,1,0,0,38,1
1352,3,0,0,4,1,0,1,1,23,5
1353,2,0,0,4,1,0,0,1,13,5
1354,2,4,0,4,1,0,1,1,18,3
1355,2,4,0,4,1,1,0,1,18,3
1356,2,4,0,4,1,1,0,1,23,6
1357,2,4,0,4,1,1,0,0,15,6
1358,2,4,0,4,1,1,0,0,20,6
1359,2,4,0,4,1,1,0,1,20,6
1360,2,4,0,4,1,1,0,0,20,6
1361,2,4,0,4,1,1,0,0,15,6
1362,2,4,0,2,1,0,0,1,57,6
1363,2,4,0,2,1,0,0,1,25,6
1364,1,0,0,4,1,2,0,1,40,6
1365,2,4,4,4,5,0,0,1,22,5
1366,2,0,0,4,1,0,0,1,19,3
1367,1,4,0,4,1,2,0,0,23,6
1368,2,0,0,4,1,0,0,1,31,6
1369,1,0,0,4,1,1,0,1,18,6
1370,1,0,0,4,1,1,0,1,18,6
1371,1,0,0,4,1,1,0,1,16,6
1372,1,0,0,4,1,1,0,1,19,6
1373,1,0,0,2,1,0,0,0,34,6
1374,3,4,0,4,1,0,0,1,19,6
1375,3,4,0,4,1,1,0,0,18,6
1376,2,0,0,4,1,0,0,1,75,6
1377,2,4,0,4,1,0,0,1,19,6
1378,1,4,4,2,1,0,1,1,14,6
1379,1,4,0,4,1,0,0,1,70,6
1380,1,4,0,4,1,0,1,1,60,3
1381,2,2,0,4,1,0,0,0,87,6
1382,2,0,0,2,1,0,0,1,24,3
1383,1,4,0,4,1,2,0,0,42,6
1384,2,0,0,1,1,0,0,1,26,6
1385,2,0,0,4,1,0,0,1,21,6
1386,2,4,0,4,1,0,0,1,14,5
1387,2,4,0,4,1,0,1,1,30,5
1388,2,4,0,4,1,0,0,1,31,6
1389,2,4,0,4,1,1,0,0,29,6
1390,3,4,0,2,1,0,0,1,46,6
1391,2,4,0,4,1,0,0,1,24,3
1392,2,4,0,4,1,0,0,1,17,5
1393,2,4,0,4,1,2,1,1,2,1
1394,1,4,0,4,1,2,0,1,13,6
1395,1,2,0,4,1,0,0,1,31,5
1396,1,2,0,4,1,2,0,1,14,5
1397,1,4,0,4,1,2,0,0,37,6
1398,3,0,0,4,1,0,0,0,36,6
1399,3,0,0,4,1,1,0,1,31,6
1400,1,0,0,4,1,2,0,0,24,6
1401,2,4,0,4,1,0,0,0,44,6
1402,2,0,0,4,1,0,1,1,53,3
1403,2,0,0,4,1,0,0,1,28,6
1404,2,0,0,4,1,0,0,0,35,6
1405,2,2,0,4,1,0,0,1,44,6
1406,1,0,0,4,1,0,0,1,39,2
1407,1,2,0,4,1,1,0,1,42,1
1408,2,0,0,2,1,0,0,1,36,6
1409,2,0,0,2,1,1,0,0,49,6
1410,2,0,0,4,1,0,0,1,47,6
1411,2,0,0,4,1,0,0,0,46,5
1412,1,4,0,4,1,0,0,1,26,3
1413,1,4,0,4,1,2,0,1,12,3
1414,1,4,0,4,1,2,0,0,16,6
1415,2,0,0,4,1,0,0,1,45,6
1416,2,0,0,4,1,1,0,0,21,6
1417,1,4,0,4,1,2,0,0,4,6
1418,1,4,0,4,1,0,0,1,42,0
1419,1,4,0,4,1,1,0,1,81,1
1420,1,4,0,1,1,0,0,1,19,3
1421,1,4,0,2,1,0,0,1,18,6
1422,1,4,0,2,1,1,0,1,18,6
1423,2,4,0,4,1,0,0,1,10,5
1424,2,4,0,4,1,0,1,0,42,6
1425,2,4,0,4,1,1,0,1,53,6
1426,2,1,0,4,1,1,0,0,55,6
1427,2,0,0,4,1,0,0,1,59,1
1428,2,0,0,4,1,0,0,0,46,6
1429,2,0,0,4,1,1,0,0,53,1
1430,2,0,0,4,1,1,0,0,68,1
1431,3,4,0,4,1,2,0,1,22,6
1432,2,4,0,4,1,0,0,1,25,5
1433,2,0,0,4,1,0,0,1,30,6
1434,1,4,0,4,1,2,0,0,12,6
1435,1,4,0,4,1,2,0,1,44,3
1436,1,4,0,4,1,2,0,0,27,6
1437,2,4,0,4,1,0,0,1,24,3
1438,2,0,4,4,5,0,0,1,45,5
1439,1,3,0,4,1,0,0,0,37,6
1440,2,4,0,4,1,0,0,1,29,5
1441,2,4,0,4,1,0,0,1,55,6
1442,2,4,0,4,1,1,0,0,34,1
1443,3,3,0,0,1,0,1,1,47,2
1444,1,4,0,4,1,1,0,0,69,1
1445,2,4,0,4,1,0,0,0,24,6
1446,1,2,0,4,1,2,0,0,78,6
1447,1,4,0,4,1,2,0,0,68,1
1448,1,3,0,4,1,0,0,0,73,6
1449,2,2,0,4,1,1,1,1,66,6
1450,2,2,0,4,1,1,0,0,66,6
1451,2,0,0,4,1,1,0,1,19,1
1452,2,0,0,4,1,1,0,0,54,1
1453,2,0,0,4,1,1,0,1,7,6
1454,2,4,0,4,1,0,0,1,22,5
1455,2,0,0,4,1,0,0,0,24,6
1456,2,0,0,4,1,0,0,1,45,5
1457,2,2,0,4,1,0,0,0,21,6
1458,2,2,0,4,1,1,0,0,20,6
1459,2,2,0,4,1,0,0,0,22,6
1460,2,4,0,2,1,0,0,1,26,5
1461,2,4,4,4,5,0,0,1,47,6
1462,3,0,4,4,1,0,0,1,17,6
1463,3,0,4,4,1,0,0,1,38,6
1464,3,0,4,4,1,0,0,1,18,6
1465,3,0,4,4,1,1,0,1,19,6
1466,3,0,4,4,1,1,0,0,34,6
1467,2,3,0,4,1,0,0,0,41,6
1468,2,3,0,4,1,1,0,0,41,6
1469,2,3,0,4,1,1,0,1,10,6
1470,2,3,0,4,1,0,0,0,32,6
1471,1,0,0,4,1,1,0,0,22,1
1472,2,0,0,4,1,0,1,1,89,6
1473,2,0,0,4,1,0,0,1,55,6
1474,2,0,0,4,1,1,1,0,91,6
1475,2,0,0,4,1,1,1,0,50,6
1476,1,4,0,4,1,0,0,1,25,6
1477,2,0,0,4,1,0,0,1,35,3
1478,1,2,0,4,1,2,0,1,8,6
1479,1,0,0,4,1,0,1,1,52,3
1480,2,0,0,4,1,0,0,1,58,6
1481,2,0,0,4,1,1,0,0,51,6
1482,2,0,0,4,1,1,0,0,11,1
1483,2,0,0,4,1,1,0,0,51,1
1484,2,0,0,4,1,0,0,1,28,6
1485,2,2,0,4,1,0,0,0,21,6
1486,2,0,0,4,1,0,0,1,33,4
1487,2,4,0,4,1,0,0,0,41,6
1488,1,3,0,4,1,0,0,1,25,6
1489,1,4,0,4,1,2,0,0,12,6
1490,1,4,0,4,1,2,1,0,9,6
1491,1,4,0,4,1,2,1,0,4,6
1492,2,4,0,4,1,0,0,0,58,4
1493,3,2,0,4,1,0,0,1,16,3
1494,4,0,0,4,1,0,0,0,46,6
1495,4,0,0,4,1,0,0,0,22,6
1496,4,0,0,4,1,0,0,1,38,2
1497,4,0,0,4,1,1,0,1,28,2
1498,2,0,0,4,1,0,0,1,30,5
1499,2,4,0,4,1,0,0,1,31,3
1500,2,0,0,4,1,0,0,1,46,5
1501,2,0,4,4,5,0,0,1,24,6
1502,2,0,4,4,5,1,0,0,23,6
1503,1,4,4,2,1,0,0,1,18,6
1504,1,4,4,2,1,1,0,0,18,6
1505,1,4,4,2,1,1,0,0,16,6
1506,2,4,4,4,1,0,0,1,27,3
1507,3,0,4,4,1,0,0,0,38,6
1508,2,0,0,4,1,0,0,0,40,5
1509,2,0,0,4,1,0,0,0,33,6
1510,1,4,0,4,1,2,1,1,6,6
1511,2,4,0,4,1,2,0,0,48,2
1512,1,4,0,4,1,1,0,1,53,1
1513,1,4,0,2,1,0,0,1,44,6
1514,1,4,0,4,1,1,0,0,71,1
1515,2,4,0,4,1,0,0,1,56,5
1516,3,1,0,4,1,0,0,1,46,1
1517,3,1,0,4,1,0,0,1,37,1
1518,3,1,0,4,1,1,0,1,11,1
1519,2,0,0,4,1,0,0,0,28,6
1520,1,2,0,4,1,1,0,0,77,1
1521,1,4,0,4,1,2,0,0,14,6
1522,2,4,0,0,1,0,0,1,35,6
1523,2,4,0,0,1,0,0,1,26,6
1524,2,4,0,0,1,1,0,1,25,6
1525,1,0,0,4,1,0,1,1,54,3
1526,2,0,4,4,5,0,0,1,17,3
1527,1,0,0,4,1,2,0,1,44,6
1528,2,0,0,2,1,1,0,1,55,1
1529,1,4,0,4,1,2,0,0,14,6
1530,2,0,4,4,1,0,0,1,48,6
1531,2,4,0,4,1,1,0,1,23,1
1532,2,4,0,4,1,1,0,0,45,1
1533,2,4,0,4,1,1,0,1,19,1
1534,2,0,4,4,5,1,0,1,21,6
1535,2,0,0,4,1,0,0,0,21,6
1536,2,4,0,4,1,0,0,1,17,3
1537,1,4,0,4,1,2,0,1,1,6
1538,2,0,0,4,1,0,0,0,20,6
1539,2,0,0,4,1,1,0,0,43,6
1540,2,2,0,4,1,0,0,1,33,2
1541,2,2,0,4,1,0,0,1,52,2
1542,2,4,0,4,1,0,0,1,41,5
1543,3,0,0,1,1,0,0,0,33,6
1544,3,0,0,1,1,1,0,0,44,6
1545,1,4,0,4,1,2,0,0,7,6
1546,2,0,4,4,5,0,0,0,48,6
1547,2,0,4,4,5,1,0,1,55,6
1548,2,0,4,4,5,1,0,1,19,6
1549,2,4,0,2,1,0,0,1,42,6
1550,1,4,0,4,1,2,0,0,23,1
1551,2,0,4,2,5,0,0,1,32,6
1552,2,0,0,4,1,0,0,1,49,6
1553,3,4,0,4,1,0,0,1,59,6
1554,3,4,0,4,1,0,0,0,31,6
1555,3,4,0,4,1,1,0,0,35,6
1556,2,4,0,4,1,0,0,1,32,6
1557,2,4,0,4,1,1,0,1,4,6
1558,2,0,0,4,1,0,0,1,57,6
1559,2,0,0,4,1,0,0,1,35,4
1560,2,0,0,4,1,1,0,1,29,4
1561,2,0,0,4,1,1,0,1,47,4
1562,2,0,0,4,1,1,0,1,24,4
1563,2,0,4,2,5,1,0,0,19,3
1564,2,0,0,4,1,0,0,1,19,6
1565,1,4,0,4,1,0,0,1,55,6
1566,1,4,0,4,1,1,0,1,29,1
1567,2,4,0,4,1,0,0,1,42,6
1568,2,4,4,2,5,0,0,1,28,6
1569,2,4,4,2,5,1,0,1,36,6
1570,2,4,0,4,1,0,1,1,42,5
1571,2,4,0,4,1,0,0,0,45,6
1572,1,4,0,4,1,2,1,1,12,6
1573,1,0,0,4,1,2,0,1,26,6
1574,2,4,0,4,1,0,0,1,19,3
1575,1,4,0,4,1,2,1,1,42,6
1576,2,0,0,4,1,0,0,0,21,6
1577,2,0,0,4,1,0,0,1,63,6
1578,2,4,0,4,1,0,0,1,17,3
1579,2,0,0,4,1,0,1,1,38,5
1580,2,0,0,4,1,0,0,0,30,5
1581,2,0,0,4,1,0,0,1,30,5
1582,2,0,0,4,1,0,0,1,41,5
1583,1,4,0,4,1,0,0,1,25,6
1584,1,4,0,4,1,1,0,1,20,6
1585,2,4,0,4,1,0,0,1,61,6
1586,2,4,0,4,1,0,0,0,33,6
1587,2,0,0,4,1,0,0,0,57,6
1588,1,0,4,4,5,0,0,0,19,6
1589,2,4,4,4,5,0,0,0,20,6
1590,1,4,4,4,1,2,1,0,63,6
1591,1,4,0,4,1,2,0,1,80,2
1592,1,2,4,4,8,1,0,1,22,1
1593,2,2,4,4,1,0,1,1,17,3
1594,2,0,0,4,1,0,0,1,37,5
1595,1,1,4,0,5,0,0,1,26,6
1596,1,1,4,0,5,1,0,0,24,6
1597,2,0,0,4,1,0,0,0,48,6
1598,2,0,0,4,1,0,0,0,49,6
1599,2,0,0,4,1,1,0,0,77,6
1600,1,4,0,4,1,1,0,0,59,1
1601,2,0,0,4,1,0,0,1,48,6
1602,2,0,0,4,1,1,0,0,39,6
1603,2,0,0,4,1,0,0,1,31,5
1604,2,0,0,4,1,0,0,1,23,3
1605,2,2,4,2,5,1,0,0,11,6
1606,2,2,4,2,5,1,0,0,24,6
1607,2,2,4,2,5,1,0,0,11,6
1608,1,2,0,4,1,2,0,1,86,6
1609,2,0,4,4,5,1,0,0,57,6
1610,2,0,4,4,5,1,0,0,27,6
1611,2,0,0,4,1,0,0,1,46,6
1612,2,0,0,4,1,0,1,1,18,6
1613,2,0,0,4,1,1,1,1,18,6
1614,2,3,1,4,4,0,0,0,41,6
1615,2,4,4,4,5,0,0,1,84,6
1616,2,0,4,4,5,0,0,1,22,6
1617,2,4,4,4,5,0,0,0,26,6
1618,2,4,4,4,5,1,0,1,6,6
1619,2,0,4,4,5,1,0,0,32,1
1620,2,0,4,4,4,0,0,0,30,6
1621,2,2,4,4,5,0,0,1,25,5
1622,2,4,0,4,1,0,0,1,28,6
1623,1,4,0,4,1,2,0,0,43,6
1624,1,3,4,2,5,0,1,1,34,6
1625,2,2,0,4,1,0,0,1,50,6
1626,2,0,0,4,1,0,0,0,80,6
1627,1,4,0,4,1,1,0,1,54,1
1628,1,4,0,2,1,2,0,1,51,6
1629,2,4,0,4,1,2,0,0,64,6
1630,2,4,0,4,1,2,0,1,81,6
1631,2,4,0,4,1,1,0,1,26,2
1632,2,4,0,4,1,0,0,1,55,2
1633,2,4,0,1,1,0,0,1,18,5
1634,1,4,0,2,1,2,0,0,32,6
1635,2,2,4,4,5,0,0,1,38,6
1636,2,2,4,4,5,1,0,0,56,6
1637,2,4,0,4,1,0,0,1,19,3
1638,1,4,0,4,1,1,0,1,20,1
1639,1,0,0,4,1,2,0,1,41,1
1640,2,4,0,4,1,0,0,1,11,5
1641,2,0,0,4,1,0,0,1,24,6
1642,2,0,0,4,1,1,0,0,23,6
1643,1,4,0,4,1,1,0,1,80,1
1644,2,2,0,4,1,0,0,1,35,5
1645,2,0,0,4,1,0,0,1,28,6
1646,2,0,4,4,1,0,0,1,34,5
1647,1,4,0,4,1,2,0,1,16,6
1648,1,4,4,4,5,1,0,0,88,1
1649,2,4,0,2,1,1,0,1,41,6
1650,2,4,0,2,1,1,0,1,38,6
1651,2,4,0,2,1,0,0,1,19,6
1652,2,4,4,4,5,0,0,1,25,3
1653,3,4,4,4,5,0,0,1,19,6
1654,1,0,0,1,1,1,0,1,45,1
1655,2,0,4,4,5,0,0,0,26,6
1656,2,0,4,4,5,0,0,1,18,6
1657,2,0,4,4,5,0,0,1,27,6
1658,1,0,0,4,1,1,0,0,65,1
1659,1,0,0,4,1,1,0,0,40,1
1660,2,4,0,4,1,0,0,1,11,5
1661,1,0,0,4,1,1,0,0,82,1
1662,1,0,0,4,1,2,1,0,41,1
1663,2,0,0,4,1,0,0,0,43,6
1664,2,0,0,4,1,0,0,1,52,6
1665,2,4,0,4,1,0,1,1,35,5
1666,2,4,0,2,1,0,0,1,24,6
1667,2,4,4,4,1,0,0,0,25,6
1668,2,4,4,4,1,0,0,1,42,6
1669,2,4,4,4,1,1,0,0,25,6
1670,2,4,0,4,1,0,1,1,48,3
1671,2,0,4,4,1,0,0,1,42,6
1672,2,4,0,4,1,0,0,0,12,5
1673,1,0,0,4,1,2,0,1,31,6
1674,2,4,0,4,1,0,0,1,26,1
1675,2,4,0,4,1,1,0,0,46,1
1676,1,0,0,4,1,1,0,0,45,1
1677,2,0,0,2,1,1,0,1,19,6
1678,3,4,0,4,1,0,0,0,23,6
1679,3,4,0,4,1,0,0,1,27,6
1680,3,4,0,4,1,1,0,1,22,6
1681,1,0,0,4,1,2,1,1,9,6
1682,1,4,0,4,1,2,0,0,8,6
1683,2,4,0,2,1,0,0,1,37,6
1684,1,2,0,4,1,1,0,0,75,1
1685,1,0,0,4,1,2,0,0,22,6
1686,2,0,0,4,1,1,0,1,23,6
1687,2,0,0,2,1,0,0,1,20,6
1688,2,0,0,2,1,0,0,1,36,6
1689,5,2,0,2,1,0,1,1,24,6
1690,1,4,0,4,1,0,1,1,21,4
1691,2,0,0,4,1,0,0,1,36,6
1692,3,4,4,4,5,0,0,1,10,5
1693,1,0,0,2,1,2,0,1,17,6
1694,1,4,0,4,1,2,0,0,12,6
1695,2,4,4,4,5,0,0,1,46,6
1696,2,4,0,4,1,0,0,1,58,6
1697,1,0,0,4,1,1,0,0,19,6
1698,2,0,0,4,1,0,0,1,24,6
1699,2,0,0,4,1,0,0,1,42,6
1700,2,0,0,4,1,1,0,0,35,6
1701,2,4,0,4,1,0,0,1,67,5
1702,2,0,0,4,1,0,0,0,45,5
1703,3,4,0,4,1,0,0,1,26,6
1704,2,0,0,4,1,0,1,0,27,5
1705,4,4,4,4,5,0,0,0,43,5
1706,4,4,4,4,5,0,0,1,19,6
1707,4,4,4,4,5,1,0,1,18,6
1708,5,0,4,4,5,2,1,1,32,2
1709,5,0,4,4,5,2,1,0,23,2
1710,2,4,0,4,1,0,0,1,28,6
1711,2,4,0,4,1,0,0,0,49,6
1712,2,4,0,4,1,1,0,0,26,6
1713,3,4,4,4,3,0,0,0,40,6
1714,2,4,4,4,5,0,0,1,30,6
1715,1,4,4,4,1,2,0,1,52,6
1716,1,0,0,4,1,1,0,1,85,1
1717,1,4,0,4,1,1,0,0,82,1
1718,1,0,4,4,5,0,0,0,23,6
1719,2,0,0,4,1,0,0,1,20,6
1720,1,2,4,4,5,0,1,1,52,3
1721,2,4,4,4,1,0,0,0,63,6
1722,3,0,4,2,5,0,0,1,39,6
1723,1,4,0,4,1,1,0,0,34,1
1724,2,0,0,4,1,0,0,1,23,5
1725,1,0,0,4,1,2,0,0,13,6
1726,1,4,0,4,1,1,0,1,4,1
1727,1,0,0,1,1,0,0,0,19,6
1728,1,0,0,1,1,1,0,1,17,6
1729,2,0,0,4,5,1,0,0,83,1
1730,3,0,0,4,1,0,0,0,28,6
1731,2,2,0,4,1,0,0,1,18,5
1732,1,4,0,4,1,1,0,1,39,1
1733,3,4,0,4,1,0,0,1,16,5
1734,1,2,0,4,1,0,0,1,38,3
1735,2,4,0,2,1,0,0,0,58,6
1736,1,0,4,4,5,0,0,1,22,6
1737,1,0,4,4,1,0,0,1,21,3
1738,1,0,4,4,1,1,0,1,24,3
1739,2,4,0,2,1,0,0,1,30,6
1740,2,4,0,2,1,1,0,0,20,6
1741,2,4,0,2,1,1,0,0,20,6
1742,2,4,0,2,1,1,0,0,20,6
1743,2,4,0,2,1,1,0,0,21,6
1744,2,0,0,4,1,0,0,1,24,6
1745,2,4,4,4,1,0,0,1,27,6
1746,3,0,4,4,5,0,0,1,30,6
1747,3,0,4,4,5,0,0,1,45,6
1748,3,0,4,4,5,1,0,0,46,6
1749,3,0,4,4,5,1,0,0,18,6
1750,3,0,0,4,1,0,0,1,29,3
1751,2,4,0,4,1,0,0,1,19,3
1752,1,4,0,1,1,2,0,0,25,6
1753,2,0,0,2,1,1,0,0,55,6
1754,1,2,0,4,1,0,0,1,35,6
1755,1,2,0,4,1,1,0,0,30,6
1756,2,0,0,4,1,0,0,1,34,5
1757,2,4,0,4,1,0,0,0,27,6
1758,2,4,0,4,1,1,0,0,25,6
1759,2,0,0,4,1,0,0,1,20,3
1760,2,0,0,4,1,0,0,1,25,6
1761,2,0,0,4,1,0,0,0,43,6
1762,2,2,0,4,1,0,0,1,48,5
1763,3,4,0,4,1,0,0,0,34,6
1764,2,4,0,4,1,1,0,0,31,6
1765,2,4,0,4,1,1,0,0,13,6
1766,1,4,0,2,1,0,0,1,35,6
1767,1,4,0,2,1,1,1,1,18,6
1768,1,4,0,2,1,1,1,1,17,6
1769,1,4,0,2,1,1,0,1,17,6
1770,1,4,0,4,1,2,0,0,35,6
1771,2,0,4,4,1,0,0,1,25,6
1772,2,0,4,4,1,0,0,0,43,6
1773,2,4,4,4,1,0,0,1,25,6
1774,1,4,0,4,1,2,1,1,2,6
1775,2,0,0,4,1,0,0,1,31,6
1776,2,0,0,4,1,1,0,0,30,6
1777,1,4,4,4,5,2,1,1,61,1
1778,2,3,0,4,1,0,0,1,38,3
1779,2,4,0,4,1,1,0,1,14,6
1780,1,4,0,4,1,1,0,0,17,1
1781,2,3,0,4,1,0,0,1,21,2
1782,2,3,0,4,1,0,0,1,28,6
1783,2,3,0,4,1,1,0,1,48,6
1784,2,0,0,4,1,0,0,0,28,6
1785,2,4,0,4,1,0,0,0,32,3
1786,1,2,0,4,1,1,1,1,38,0
1787,1,4,0,4,1,1,0,0,65,1
1788,2,4,0,4,1,0,0,1,42,5
1789,2,4,0,4,1,1,0,0,49,1
1790,1,0,4,2,5,2,0,0,16,6
1791,1,4,0,4,1,1,0,0,45,1
1792,1,0,0,4,1,1,0,0,35,1
1793,3,3,0,4,1,0,0,0,56,6
1794,3,3,0,4,1,1,0,0,17,6
1795,1,4,0,4,1,1,0,0,36,1
1796,1,4,0,4,1,1,0,0,69,1
1797,2,4,0,4,1,1,0,1,16,6
1798,2,4,0,4,1,1,0,1,22,6
1799,2,4,0,4,1,0,0,1,12,5
1800,2,0,0,4,1,0,0,1,61,6
1801,2,0,0,4,1,0,0,0,25,6
1802,1,4,0,4,1,2,0,1,45,6
1803,1,4,0,4,1,1,0,0,40,1
1804,2,0,0,4,1,0,0,1,43,3
1805,2,4,0,4,1,1,0,0,9,6
1806,2,4,0,4,1,1,0,1,6,6
1807,2,4,0,4,1,2,0,0,9,6
1808,1,4,0,4,1,2,0,1,59,6
1809,2,4,0,4,1,1,0,1,27,6
1810,2,4,0,4,1,1,0,1,28,6
1811,2,4,0,4,1,0,0,0,27,6
1812,2,4,0,4,1,1,0,0,10,6
1813,2,4,0,4,1,1,0,0,16,6
1814,2,4,0,4,1,1,0,0,51,6
1815,2,2,0,4,1,0,0,1,35,5
1816,2,4,0,4,1,0,0,1,26,6
1817,2,4,0,4,1,0,0,1,25,6
1818,2,4,0,4,1,0,0,1,56,6
1819,2,4,0,4,1,1,0,0,43,6
1820,2,3,0,4,1,0,0,1,44,6
1821,1,4,0,4,1,2,0,1,9,6
1822,2,4,0,2,1,0,0,1,35,6
1823,2,4,0,2,1,0,0,1,50,6
1824,2,4,0,2,1,1,0,1,51,6
1825,2,0,0,4,1,0,0,1,34,6
1826,2,0,0,4,1,1,0,0,23,6
1827,1,4,0,2,1,2,0,1,24,6
1828,2,4,0,2,1,1,1,1,21,6
1829,2,0,4,4,5,0,1,1,19,6
1830,2,0,4,4,5,0,0,1,53,2
1831,1,2,0,4,1,2,0,1,8,6
1832,1,0,0,4,1,1,0,0,59,1
1833,1,4,0,4,1,2,0,1,8,6
1834,1,4,0,4,1,1,0,0,15,1
1835,2,0,0,4,1,0,0,1,79,6
1836,2,0,0,4,1,0,0,0,22,6
1837,2,0,0,4,1,1,0,1,20,6
1838,1,4,0,4,1,1,0,0,58,1
1839,1,0,0,4,1,2,1,0,68,6
1840,2,4,0,4,1,0,0,0,42,6
1841,2,4,0,4,1,1,0,0,38,6
1842,1,4,0,4,1,2,0,1,40,4
1843,2,2,0,4,1,0,0,1,22,5
1844,2,4,0,4,1,0,0,1,52,6
1845,2,2,0,4,1,0,0,0,64,6
1846,2,4,0,4,1,2,1,1,11,6
1847,1,2,0,4,1,1,0,1,50,1
1848,1,0,4,1,1,2,1,1,18,6
1849,1,4,0,4,1,1,0,0,7,1
1850,1,4,0,4,1,1,0,1,9,1
1851,1,4,0,2,1,1,0,0,23,6
1852,2,4,0,4,1,2,0,0,22,6
1853,2,0,0,4,1,0,0,1,46,5
1854,1,4,0,4,1,2,0,1,5,6
1855,1,4,0,4,1,0,1,0,54,5
1856,2,4,0,4,1,0,0,1,12,5
1857,2,4,0,4,1,0,0,0,41,6
1858,2,4,0,4,1,1,0,1,27,6
1859,2,4,0,4,1,1,0,1,11,6
1860,2,4,0,4,1,1,0,0,9,6
1861,2,4,0,4,1,1,0,0,31,6
1862,1,4,0,4,1,1,0,0,69,1
1863,1,2,0,4,1,1,0,1,39,1
1864,1,2,0,4,1,1,0,1,71,1
1865,3,4,0,4,1,1,0,0,12,6
1866,1,0,0,4,1,0,0,1,21,4
1867,2,0,0,4,1,0,1,1,66,5
1868,2,4,0,4,1,0,0,1,12,5
1869,2,0,0,4,1,0,0,0,30,6
1870,2,0,0,4,1,0,0,1,8,5
1871,1,4,0,4,1,1,0,1,23,1
1872,2,0,0,2,1,0,0,1,35,6
1873,1,4,0,4,1,2,0,1,4,6
1874,3,1,0,4,1,0,0,1,62,6
1875,3,1,0,4,1,1,0,0,51,6
1876,2,0,0,4,1,0,1,1,41,5
1877,2,4,0,2,8,0,0,1,28,6
1878,2,0,0,4,1,1,0,1,21,6
1879,2,0,4,4,1,1,0,0,45,1
1880,1,0,0,2,1,0,0,1,17,6
1881,1,0,0,2,1,1,0,1,17,6
1882,1,0,0,4,1,0,0,0,46,6
1883,1,0,0,4,1,0,0,0,66,6
1884,3,0,0,4,1,0,0,0,42,6
1885,2,2,0,4,1,0,0,0,47,6
1886,2,2,0,4,1,0,0,1,20,6
1887,3,4,0,2,1,1,0,1,18,6
1888,2,0,0,4,1,0,0,1,38,5
1889,1,4,0,4,1,2,0,0,75,6
1890,2,4,0,4,1,0,0,1,21,6
1891,2,4,0,1,1,0,0,1,8,5
1892,2,4,0,4,1,0,0,1,25,5
1893,2,4,0,2,1,0,1,0,36,6
1894,2,4,0,2,1,0,1,0,56,6
1895,2,3,0,2,1,0,0,1,45,2
1896,2,3,0,2,1,0,0,1,36,6
1897,2,3,0,2,1,1,0,1,38,6
1898,1,4,0,4,1,2,0,0,83,6
1899,2,0,0,4,1,0,0,0,23,6
1900,2,0,0,4,1,0,0,1,38,6
1901,2,0,0,4,1,1,0,1,21,6
1902,2,0,0,4,1,1,0,1,34,6
1903,3,3,0,4,1,0,0,1,55,4
1904,3,3,0,4,1,0,0,1,36,2
1905,1,0,4,4,5,0,0,1,20,6
1906,1,0,4,4,5,1,0,1,18,6
1907,2,4,0,4,1,0,0,1,11,5
1908,1,0,4,2,1,0,1,1,38,3
1909,1,3,0,4,1,0,1,1,53,6
1910,1,3,0,4,1,1,1,0,44,6
1911,1,3,0,4,1,1,1,0,18,6
1912,1,3,0,4,1,1,1,1,19,6
1913,1,3,0,4,1,1,1,0,11,6
1914,1,3,0,4,1,1,1,1,14,6
1915,1,3,0,4,1,1,1,1,17,6
1916,1,3,0,4,1,1,1,0,13,6
1917,2,0,4,4,1,0,0,1,36,3
1918,2,2,4,4,5,0,0,1,19,3
1919,2,0,0,4,1,0,0,1,16,3
1920,2,4,0,4,1,0,0,1,29,6
1921,2,4,0,4,1,1,0,1,4,6
1922,2,4,0,4,1,1,0,1,29,6
1923,2,4,0,4,1,0,0,1,18,5
1924,2,2,0,4,1,0,0,1,35,5
1925,1,4,0,4,1,2,0,1,9,6
1926,1,4,0,4,1,0,0,0,23,6
1927,2,0,0,4,1,1,0,1,36,1
1928,2,0,0,2,1,0,0,0,29,6
1929,1,0,0,4,1,1,0,0,77,1
1930,2,4,0,4,1,0,0,0,54,6
1931,2,4,0,4,1,1,0,1,48,6
1932,2,4,0,4,1,1,1,1,16,3
1933,2,4,4,2,5,1,0,0,22,6
1934,1,0,4,4,5,2,0,1,16,6
1935,1,4,0,4,1,1,1,0,59,1
1936,1,0,4,4,1,0,0,1,27,2
1937,2,0,4,4,5,0,0,1,27,6
1938,2,0,0,2,1,0,0,1,57,6
1939,2,0,0,2,1,0,0,0,30,6
1940,2,0,4,4,5,0,0,1,17,3
1941,2,4,0,4,1,0,0,1,33,6
1942,2,4,0,0,1,0,0,1,37,6
1943,2,4,0,0,1,1,0,1,30,6
1944,2,4,0,4,1,0,0,1,27,6
1945,2,4,0,4,1,1,0,0,25,6
1946,1,4,0,4,1,1,0,0,22,1
1947,1,0,0,4,1,1,0,0,76,1
1948,2,0,0,4,1,0,0,1,15,5
1949,3,0,0,4,1,0,0,1,52,6
1950,2,0,0,4,1,1,0,0,22,6
1951,2,0,0,4,1,1,1,0,28,6
1952,2,0,0,4,1,0,0,1,24,6
1953,2,4,0,2,1,0,0,1,22,6
1954,2,4,0,2,1,0,0,1,27,6
1955,2,4,0,2,1,1,0,1,24,6
1956,2,4,0,2,1,1,0,1,23,6
1957,1,0,4,2,1,2,1,1,20,6
1958,1,4,0,2,1,2,0,0,20,6
1959,2,0,0,4,1,0,0,1,54,6
1960,3,1,4,4,1,0,0,1,26,6
1961,3,1,4,4,1,0,0,0,57,6
1962,3,1,4,4,1,1,0,1,55,6
1963,2,0,4,4,4,0,0,1,21,6
1964,1,4,0,4,1,1,0,0,65,1
1965,2,0,0,4,1,0,0,1,30,6
1966,2,0,0,4,1,1,0,0,28,6
1967,2,4,0,4,1,0,0,1,40,2
1968,2,4,0,4,1,1,0,1,38,2
1969,1,0,0,4,1,2,0,0,22,3
1970,2,2,0,4,1,0,0,1,47,6
1971,2,2,0,4,1,0,0,0,44,6
1972,2,2,0,4,1,1,0,0,21,6
1973,1,4,0,4,1,1,0,0,65,1
1974,1,0,0,4,1,1,0,0,80,1
1975,1,2,4,4,5,2,0,1,22,6
1976,2,0,0,2,1,0,0,1,55,6
1977,2,0,0,2,1,0,0,1,20,6
1978,3,4,4,4,5,1,0,1,16,6
1979,3,4,4,4,5,0,0,1,49,6
1980,1,0,4,4,1,2,0,1,12,6
1981,2,4,4,4,1,0,1,1,24,3
1982,2,4,0,4,1,1,0,0,23,6
1983,2,4,0,4,1,1,0,1,26,6
1984,1,4,4,4,5,2,0,0,4,6
1985,2,0,0,4,1,0,0,0,27,6
1986,2,0,0,4,1,0,0,1,68,6
1987,1,0,0,4,1,0,0,1,32,3
1988,2,4,0,2,1,0,0,0,21,6
1989,2,4,0,2,1,0,0,1,23,6
1990,2,4,0,2,1,1,0,0,38,6
1991,1,1,0,2,1,1,0,1,43,6
1992,2,0,0,4,1,1,0,1,17,6
1993,3,0,0,4,1,0,0,1,48,6
1994,3,0,0,4,1,0,0,1,60,3
1995,3,0,0,4,1,1,0,0,13,6
1996,3,0,0,4,1,1,0,0,49,6
1997,3,0,0,4,1,1,0,1,14,6
1998,2,4,0,4,1,1,0,1,6,6
1999,2,3,4,0,1,1,0,1,21,6
2000,2,2,4,2,1,0,0,1,40,2
2001,2,2,4,2,1,1,0,1,44,6
2002,2,4,0,4,1,0,0,1,21,6
2003,3,4,4,2,1,0,0,1,32,2
2004,3,4,4,2,1,1,0,0,29,2
2005,2,0,0,2,1,0,0,1,31,6
2006,2,4,0,4,1,0,0,1,24,6
2007,2,4,0,4,1,1,0,0,2,6
2008,1,0,0,4,1,1,0,0,28,6
2009,1,0,4,4,5,2,1,1,13,6
2010,2,3,0,4,1,0,0,0,22,6
2011,2,3,0,4,1,1,0,1,23,6
2012,2,0,0,2,8,0,0,1,38,6
2013,1,4,0,4,1,1,0,0,79,1
2014,4,4,0,4,1,0,0,0,48,6
2015,1,0,0,4,1,1,0,0,35,6
2016,1,0,0,4,1,2,1,0,41,6
2017,7,3,0,4,1,0,0,0,32,6
2018,7,3,0,4,1,0,0,0,45,6
2019,7,3,0,4,1,0,0,1,34,6
2020,2,4,0,4,1,0,0,0,18,6
2021,2,4,0,4,1,1,0,0,18,6
2022,2,4,0,4,1,1,0,0,18,6
2023,4,3,4,4,3,0,0,1,24,6
2024,4,3,4,4,3,0,0,0,19,6
2025,2,4,0,4,1,0,0,1,22,5
2026,2,4,0,4,1,0,1,1,32,5
2027,2,4,0,4,1,0,0,0,37,6
2028,2,4,0,4,1,0,0,1,22,6
2029,2,4,0,4,1,1,0,0,46,6
2030,2,4,4,4,5,0,0,1,32,5
2031,2,4,0,4,1,0,0,0,43,6
2032,2,4,0,4,1,1,0,0,21,6
2033,4,0,4,4,5,0,0,1,37,2
2034,1,4,0,4,1,2,0,1,5,6
2035,1,0,4,4,5,0,0,1,29,5
2036,1,0,0,4,1,2,0,0,30,6
2037,2,0,4,4,5,0,0,1,42,6
2038,1,4,0,4,1,1,0,0,65,1
2039,2,0,4,4,5,0,0,1,49,5
2040,2,4,0,4,1,0,0,1,40,5
2041,2,2,4,4,5,0,0,0,32,6
2042,4,3,4,4,5,0,0,1,23,6
2043,4,3,4,4,5,0,0,0,31,6
2044,4,3,4,4,5,0,0,0,25,6
2045,2,0,4,4,5,0,0,0,33,6
2046,1,4,0,4,8,1,0,1,48,1
2047,2,0,0,4,1,0,1,1,54,5
2048,2,1,0,2,1,0,0,1,19,6
2049,2,4,0,4,1,0,0,1,15,5
2050,2,4,0,4,1,1,0,0,16,5
2051,2,4,0,2,1,0,0,0,22,6
2052,1,4,0,4,1,1,0,1,74,1
2053,1,0,0,4,1,0,0,1,19,6
2054,1,0,0,4,1,1,0,0,17,6
2055,2,4,0,4,1,0,0,1,39,5
2056,2,0,0,4,1,0,1,1,25,5
2057,1,4,0,4,1,0,0,1,29,2
2058,2,0,0,1,1,0,0,1,32,6
2059,2,0,0,1,1,0,1,0,42,6
2060,2,0,0,1,1,1,0,1,15,6
2061,2,0,0,1,1,1,0,0,6,6
2062,3,0,0,4,1,0,0,1,38,2
2063,3,0,0,4,1,1,0,0,45,2
2064,2,0,0,2,1,0,0,1,62,5
2065,1,1,0,4,1,1,0,0,67,6
2066,2,3,0,4,1,0,0,1,47,6
2067,2,0,0,4,1,1,0,1,50,6
2068,2,0,0,4,1,0,0,1,26,6
2069,2,4,0,4,1,0,0,1,25,5
2070,2,4,0,4,1,0,0,1,35,5
2071,2,4,0,4,1,0,1,1,31,3
2072,1,4,0,4,1,1,0,0,34,1
2073,1,4,0,4,1,2,0,1,26,6
2074,1,4,0,2,1,1,1,1,70,1
2075,2,3,0,4,1,0,1,1,44,6
2076,2,3,0,4,1,1,0,0,39,6
2077,2,3,0,4,1,1,0,1,11,6
2078,1,4,0,4,1,2,1,1,17,6
2079,2,4,0,4,1,0,0,0,18,6
2080,1,4,0,4,1,2,0,1,9,6
2081,2,4,0,4,1,0,0,0,44,6
2082,1,4,0,4,1,0,0,1,34,3
2083,1,0,0,4,1,2,0,1,24,6
2084,1,4,0,4,1,2,0,0,13,6
2085,2,4,0,1,1,1,0,0,16,6
2086,1,0,0,4,1,0,0,1,49,6
2087,2,0,0,4,1,0,0,0,24,6
2088,2,4,0,4,1,0,0,1,36,6
2089,2,4,0,4,1,1,0,1,38,6
2090,4,4,0,4,1,0,0,0,33,6
2091,1,0,0,4,1,2,0,1,19,6
2092,2,4,0,4,1,0,0,0,44,6
2093,2,4,0,2,1,1,1,1,22,6
2094,1,4,0,4,1,2,0,0,40,6
2095,2,0,0,4,1,0,1,0,44,3
2096,2,4,0,4,1,0,0,1,42,6
2097,3,4,0,4,1,0,0,1,12,5
2098,2,0,0,2,1,0,0,1,27,6
2099,2,2,0,4,1,0,0,1,38,6
2100,2,2,0,4,1,0,0,0,28,6
2101,3,0,0,4,1,0,0,0,27,6
2102,3,0,0,4,1,0,0,0,61,6
2103,1,4,0,4,1,2,1,1,33,1
2104,2,0,0,4,1,0,0,1,44,5
2105,1,4,0,4,1,2,1,1,10,6
2106,2,0,0,4,1,0,0,1,44,5
2107,2,0,0,2,1,0,1,1,42,3
2108,2,0,0,4,1,0,1,1,43,3
2109,1,2,0,2,1,2,0,1,22,6
2110,1,4,0,2,1,2,1,0,42,6
2111,2,2,0,4,1,0,0,1,39,6
2112,2,2,0,4,1,1,0,0,14,6
2113,2,4,0,2,1,0,0,1,17,3
2114,2,2,0,4,1,0,0,0,63,5
2115,2,4,0,4,1,1,0,1,18,6
2116,2,4,0,4,1,1,0,0,18,6
2117,2,4,0,4,1,0,0,0,50,6
2118,2,4,0,4,1,1,0,0,80,1
2119,2,0,0,4,1,0,0,1,29,5
2120,2,4,0,4,1,1,0,1,25,1
2121,2,2,0,1,1,0,0,0,19,6
2122,2,2,0,1,1,0,0,1,18,6
2123,2,2,0,1,1,1,0,0,18,6
2124,1,4,0,4,1,1,0,0,75,1
2125,1,4,0,4,1,1,0,0,69,1
2126,1,4,0,4,1,1,0,0,69,1
2127,2,4,0,4,1,0,1,0,19,6
2128,2,0,0,4,1,0,1,1,27,5
2129,2,0,0,4,1,0,0,1,65,5
2130,2,0,0,4,1,0,0,1,38,6
2131,2,4,0,4,1,0,0,1,28,6
2132,3,4,0,2,1,1,0,1,21,6
2133,2,0,0,4,1,0,1,1,36,3
2134,2,4,0,0,1,0,0,1,18,3
2135,2,0,0,4,1,0,0,0,27,5
2136,2,3,0,2,1,0,0,0,45,6
2137,2,0,0,4,1,0,0,1,38,3
2138,2,4,0,4,1,0,0,1,23,2
2139,2,4,0,4,1,1,0,1,20,2
2140,2,4,0,2,1,0,0,0,27,6
2141,2,4,0,2,1,1,0,0,26,6
2142,4,0,0,4,1,1,0,1,33,6
2143,1,4,0,4,1,2,0,0,4,6
2144,2,4,0,4,1,0,0,1,18,3
2145,2,4,0,4,1,0,0,1,22,5
2146,2,0,0,4,1,0,0,1,18,6
2147,2,0,0,4,1,0,0,1,61,6
2148,1,4,0,4,1,1,0,1,31,1
2149,2,4,0,2,1,0,0,1,26,6
2150,2,4,0,4,1,0,1,0,49,3
2151,2,4,0,4,1,0,0,1,38,5
2152,1,3,0,4,1,0,0,1,22,6
2153,4,4,0,4,1,0,0,0,23,6
2154,4,4,0,4,1,2,0,0,36,6
2155,3,0,0,4,1,0,0,0,46,6
2156,2,0,0,4,1,0,0,1,23,5
2157,2,0,0,2,1,0,1,1,26,5
2158,1,4,0,4,1,1,0,1,27,1
2159,1,4,0,4,1,1,0,0,60,1
2160,2,4,0,4,1,0,0,1,35,5
2161,2,4,0,4,1,0,0,1,27,6
2162,2,4,0,4,1,0,0,1,47,6
2163,2,0,0,4,1,0,0,0,21,6
2164,2,0,0,4,1,0,0,1,34,2
2165,2,0,0,4,1,1,0,0,33,2
2166,2,0,0,2,1,0,0,1,19,6
2167,2,0,0,2,1,1,0,1,19,6
2168,3,3,0,4,1,0,0,1,72,6
2169,3,3,0,4,1,0,0,1,38,6
2170,1,4,0,4,1,1,1,0,55,1
2171,1,0,0,4,1,1,0,0,60,1
2172,2,4,0,4,1,0,0,1,12,5
2173,2,0,0,2,1,0,1,1,22,3
2174,2,4,0,1,1,0,0,1,28,6
2175,2,4,0,1,1,1,0,1,25,6
2176,2,4,0,4,1,0,0,1,40,6
2177,1,4,0,2,1,1,0,1,37,1
2178,2,0,0,2,1,0,0,1,23,6
2179,2,3,0,4,1,0,0,1,55,6
2180,3,4,0,4,1,0,0,1,59,6
2181,2,0,0,4,5,1,0,0,25,6
2182,1,0,0,4,1,1,0,0,81,1
2183,1,4,0,4,1,1,0,0,43,1
2184,4,3,0,2,1,0,0,1,28,6
2185,4,3,0,2,1,0,0,1,42,6
2186,4,3,0,2,1,1,0,1,13,6
2187,4,3,0,2,1,1,0,0,28,6
2188,2,0,4,4,5,0,0,0,66,6
2189,2,0,4,4,5,0,0,1,63,6
2190,1,4,0,4,1,2,1,0,43,6
2191,1,4,0,0,1,0,0,0,18,6
2192,1,4,0,4,1,1,0,1,0,1
2193,1,4,0,2,1,2,0,1,20,6
2194,2,4,0,4,1,0,0,1,40,6
2195,1,4,0,2,1,0,1,1,28,6
2196,3,0,0,2,1,0,0,1,27,6
2197,2,4,0,4,1,0,0,1,19,6
2198,2,4,0,4,1,0,0,0,31,6
2199,2,4,0,4,1,1,0,0,19,6
2200,2,0,0,4,1,0,0,1,36,6
2201,2,0,0,4,1,1,0,0,32,6
2202,2,0,0,4,1,0,0,1,26,3
2203,2,0,0,4,1,0,0,1,40,3
2204,2,4,0,4,1,1,0,1,46,6
2205,2,4,0,4,1,1,0,1,38,6
2206,2,4,0,4,1,0,0,0,45,6
2207,2,4,0,4,1,1,0,0,23,3
2208,1,4,0,4,1,1,0,0,78,1
2209,1,4,0,4,1,2,0,1,1,6
2210,2,0,0,4,1,1,0,1,24,1
2211,3,4,0,4,1,0,0,0,54,6
2212,3,4,0,4,1,0,0,0,29,6
2213,2,0,0,4,1,0,0,0,33,6
2214,1,4,0,4,1,2,0,1,41,6
2215,2,4,0,4,1,0,0,1,37,6
2216,2,4,0,1,1,0,0,1,38,5
2217,1,0,0,2,1,2,1,1,37,6
2218,2,0,0,1,1,0,0,0,24,6
2219,2,0,0,1,1,0,0,1,46,6
2220,2,0,0,4,1,0,0,1,24,3
2221,1,1,0,4,1,0,0,0,30,6
2222,2,0,0,2,1,0,1,1,45,5
2223,2,4,0,2,1,0,0,1,19,3
2224,2,4,0,2,1,1,0,0,17,3
2225,2,4,0,2,1,1,0,0,17,3
2226,1,4,0,4,1,2,0,0,9,6
2227,1,4,0,4,1,0,1,1,59,3
2228,1,4,0,2,1,2,0,1,24,6
2229,1,0,0,2,1,2,1,1,19,6
2230,2,0,0,4,1,0,1,1,20,3
2231,2,4,0,4,1,1,0,1,19,6
2232,2,4,0,4,1,1,0,0,19,6
2233,1,4,0,4,1,2,0,0,45,6
2234,2,4,0,2,1,0,1,1,22,3
2235,1,4,0,2,1,2,0,1,21,6
2236,1,4,0,2,1,2,0,0,19,6
2237,2,0,0,4,1,0,0,1,18,6
2238,2,0,0,4,1,1,0,0,18,6
2239,2,0,0,4,1,1,0,1,2,6
2240,2,4,4,4,5,0,0,1,44,5
2241,2,0,0,4,1,0,0,1,50,5
2242,2,0,0,4,1,0,0,0,64,6
2243,2,0,0,4,1,0,0,1,28,6
2244,1,4,0,4,1,2,0,1,25,6
2245,1,4,0,4,1,0,0,0,21,6
2246,2,4,0,4,1,0,0,0,39,5
2247,2,0,0,4,1,0,0,1,26,3
2248,1,4,0,4,1,0,0,1,20,3
2249,2,4,0,4,1,0,0,1,49,6
2250,2,4,0,4,1,1,0,0,41,6
2251,2,0,0,4,1,0,0,1,22,5
2252,2,0,0,4,1,0,0,1,61,6
2253,1,4,0,4,1,2,0,1,6,6
2254,2,0,0,4,1,0,0,1,55,6
2255,2,0,0,4,1,0,0,0,88,6
2256,1,4,0,4,1,2,0,0,17,6
2257,4,0,0,4,1,0,0,0,58,6
2258,1,2,0,4,1,0,1,1,17,3
2259,2,0,0,4,1,0,0,1,19,5
2260,2,4,0,4,1,0,0,1,34,5
2261,2,0,0,4,1,0,0,0,34,6
2262,2,0,0,4,1,1,0,1,21,6
2263,2,4,0,2,1,0,0,1,49,5
2264,2,0,0,4,1,0,0,0,29,6
2265,2,2,0,4,1,0,0,1,21,5
2266,2,2,0,4,1,0,0,0,40,5
2267,2,4,0,2,1,0,0,1,18,3
2268,2,0,0,4,1,0,0,1,23,6
2269,3,0,4,4,5,0,0,0,20,6
2270,3,0,4,4,5,1,0,0,28,6
2271,3,0,4,4,5,1,0,1,83,6
2272,2,4,4,4,1,1,0,1,20,2
2273,1,0,0,4,1,2,0,1,18,1
2274,2,3,0,4,0,0,0,1,28,6
2275,2,0,0,4,0,0,0,0,28,6
2276,2,0,0,4,0,1,0,0,26,6
2277,1,1,0,0,0,0,0,1,29,6
2278,2,4,4,2,0,0,0,1,35,6
2279,2,0,0,4,0,0,0,0,22,6
2280,2,0,0,4,0,0,0,1,19,6
2281,2,0,0,4,0,1,0,0,43,6
2282,1,4,0,1,0,0,0,1,18,6
2283,2,0,0,2,1,0,0,0,25,6
2284,2,4,0,2,0,0,0,0,51,6
2285,2,4,0,2,0,1,0,0,61,6
2286,1,0,4,4,1,0,0,1,20,3
2287,1,0,0,4,1,1,0,0,5,1
2288,2,0,0,2,1,0,0,0,23,6
2289,2,4,0,4,1,0,0,1,12,5
2290,3,0,0,4,1,0,0,0,66,6
2291,2,0,0,4,1,0,0,1,42,5
2292,2,4,0,4,1,1,0,0,31,6
2293,1,4,0,4,1,2,0,1,19,6
2294,2,3,0,4,1,0,0,1,26,6
2295,2,3,0,4,1,1,0,0,23,6
2296,2,2,0,4,1,0,1,1,24,3
2297,3,4,4,4,5,0,0,1,19,5
2298,2,0,4,4,1,0,1,1,21,6
2299,2,0,4,4,1,0,0,0,26,6
2300,2,4,0,2,5,1,0,0,41,6
2301,2,4,1,4,1,1,0,0,12,6
2302,2,4,4,4,5,0,0,0,32,6
2303,1,0,4,4,1,2,0,1,18,6
2304,2,0,4,4,5,0,0,0,81,6
2305,1,4,0,4,1,1,0,0,79,1
2306,1,0,0,4,1,1,0,0,80,1
2307,2,0,0,4,1,1,0,0,32,6
2308,2,4,0,4,1,0,0,1,32,6
2309,2,4,0,2,1,0,0,1,17,6
2310,2,4,0,2,1,0,0,0,21,6
2311,2,4,0,2,1,1,0,1,16,6
2312,2,0,0,4,1,0,0,0,57,6
2313,2,0,0,4,1,1,0,0,4,6
2314,2,0,0,4,1,0,0,0,79,6
2315,3,4,0,4,1,0,0,1,62,3
2316,4,4,0,4,1,0,0,1,32,2
2317,4,4,0,4,1,0,0,0,29,6
2318,2,0,0,2,1,0,0,1,18,3
2319,2,3,0,4,1,0,0,1,39,6
2320,2,3,0,4,1,0,0,1,22,6
2321,2,3,0,4,1,1,0,0,19,6
2322,2,4,0,4,1,0,1,1,22,3
2323,2,0,0,0,1,0,1,1,38,3
2324,2,0,0,0,1,1,1,0,43,3
2325,2,4,0,4,1,0,0,1,23,5
2326,1,0,0,4,1,2,0,1,25,6
2327,1,0,4,4,0,0,0,0,26,6
2328,1,4,0,4,1,2,0,1,47,1
2329,1,4,0,4,1,0,0,1,37,1
2330,1,4,0,4,1,1,0,0,0,1
2331,2,0,0,4,1,0,0,1,39,5
2332,2,2,0,4,1,0,0,1,11,5
2333,1,4,0,2,1,2,1,0,45,6
2334,1,4,0,4,1,2,0,0,65,6
2335,2,4,0,4,1,0,0,1,16,3
2336,2,4,0,4,1,0,1,1,44,3
2337,2,0,0,4,1,0,0,1,26,6
2338,2,0,0,4,1,1,0,1,26,6
2339,2,0,0,2,1,0,0,1,30,3
2340,1,4,0,4,1,1,0,0,40,6
2341,2,0,0,2,1,1,0,0,37,6
2342,2,0,0,4,1,0,1,0,76,6
2343,1,2,0,4,1,2,0,1,13,6
2344,2,4,0,4,1,0,0,0,22,5
2345,2,0,0,4,1,0,0,1,34,3
2346,2,0,0,4,1,1,0,0,27,6
2347,2,0,0,4,1,0,0,1,36,6
2348,2,4,0,4,1,0,0,1,13,5
2349,2,4,0,4,1,0,0,0,34,6
2350,2,4,0,4,1,0,0,1,32,6
2351,2,4,0,4,1,1,0,1,17,6
2352,2,4,0,4,1,1,0,1,63,6
2353,2,4,0,4,1,1,0,0,58,6
2354,2,0,0,4,1,0,1,0,31,5
2355,3,0,4,4,1,0,0,0,26,6
2356,3,0,0,4,1,0,0,0,35,6
2357,3,0,0,4,1,0,0,0,65,6
2358,2,0,0,4,1,0,0,1,17,3
2359,1,4,4,0,5,0,0,1,18,6
2360,1,4,4,0,5,1,1,1,17,6
2361,1,4,0,4,1,2,0,0,3,6
2362,3,0,4,4,5,0,0,0,65,6
2363,3,0,4,4,5,0,0,0,28,6
2364,3,0,4,4,5,0,0,0,41,6
2365,1,4,4,1,5,0,0,1,54,6
2366,1,4,4,4,1,2,0,1,62,6
2367,2,0,4,2,1,0,0,1,27,5
2368,1,0,0,4,1,1,0,0,74,1
2369,2,2,0,4,1,0,0,0,23,6
2370,2,2,0,4,1,0,0,0,50,6
2371,1,2,4,4,1,2,0,0,11,6
2372,3,0,4,4,1,0,0,1,57,6
2373,3,0,4,4,1,0,1,1,34,6
2374,2,0,0,4,1,1,0,0,42,6
2375,2,4,0,2,1,0,0,1,63,6
2376,1,4,0,4,1,2,0,0,23,1
2377,1,4,0,2,1,1,0,1,15,6
2378,2,0,0,4,1,0,0,1,25,3
2379,2,0,0,4,8,0,0,0,45,6
2380,2,0,0,4,1,1,0,0,46,6
2381,2,0,0,4,1,0,0,1,26,6
2382,4,0,0,4,1,0,0,1,34,1
2383,4,0,0,4,1,1,0,1,11,1
2384,4,0,0,4,1,1,0,0,12,1
2385,4,0,0,4,1,1,0,0,11,1
2386,4,0,0,4,1,1,0,0,14,1
2387,4,0,0,4,1,1,0,0,11,1
2388,4,0,0,4,1,1,0,1,11,1
2389,4,0,0,4,1,1,0,1,12,1
2390,2,4,0,4,1,0,0,0,44,5
2391,2,4,0,4,1,0,1,1,26,3
2392,1,4,0,2,1,0,0,1,20,6
2393,4,0,0,4,1,0,0,1,53,6
2394,2,0,0,4,1,0,0,1,29,6
2395,2,4,0,2,1,0,1,1,36,3
2396,1,4,0,2,1,2,0,1,17,6
2397,2,0,0,4,1,0,1,0,62,6
2398,3,0,0,4,1,0,0,1,24,6
2399,2,4,0,4,1,0,0,0,51,6
2400,2,4,0,4,1,0,0,0,44,6
2401,2,4,0,4,1,1,0,0,37,6
2402,1,4,0,2,1,2,0,0,47,6
2403,2,0,0,4,1,0,0,1,21,5
2404,2,4,0,4,1,0,0,1,30,6
2405,2,4,0,4,1,1,0,1,67,6
2406,1,0,0,4,1,1,0,0,20,1
2407,1,0,4,2,1,0,0,1,22,6
2408,1,0,4,2,1,1,0,1,21,6
2409,1,0,4,2,1,1,0,1,19,6
2410,1,0,4,2,1,1,0,1,22,6
2411,2,4,0,4,1,0,0,0,34,6
2412,3,3,0,4,1,0,0,1,42,2
2413,3,3,0,4,1,0,0,1,25,6
2414,3,3,0,4,1,0,0,1,57,6
2415,1,1,4,2,5,0,0,1,28,6
2416,1,4,4,2,1,2,0,1,25,6
2417,2,4,0,2,1,0,0,1,18,6
2418,1,4,4,4,1,2,0,0,13,6
2419,1,0,0,1,1,0,0,0,17,6
2420,1,0,0,1,1,1,0,0,21,6
2421,1,0,0,1,1,1,0,0,17,6
2422,2,4,0,2,1,0,0,1,47,5
2423,2,4,4,4,1,0,0,1,48,6
2424,2,4,0,4,1,0,0,1,35,3
2425,2,0,0,4,1,0,0,1,61,6
2426,2,0,0,4,1,0,0,1,38,6
2427,2,0,0,4,1,1,0,0,20,6
2428,2,3,0,4,1,0,0,0,25,6
2429,2,3,0,4,1,0,0,1,37,6
2430,2,3,0,4,1,1,0,1,23,6
2431,2,4,0,4,1,0,0,1,51,5
2432,3,0,0,4,1,0,1,1,52,6
2433,3,0,0,4,1,0,1,1,45,6
2434,2,2,0,4,1,0,0,0,34,6
2435,1,4,0,4,1,2,1,0,33,6
2436,2,0,0,4,1,0,0,1,48,6
2437,2,0,0,4,1,0,1,1,72,4
2438,2,4,0,4,1,0,0,1,42,5
2439,2,0,4,4,5,0,0,1,32,5
2440,1,4,4,2,5,2,0,0,17,6
2441,2,0,4,4,5,1,0,0,18,6
2442,2,0,4,4,5,1,0,0,18,6
2443,2,0,4,4,5,1,0,0,19,6
2444,1,4,4,2,4,2,0,0,60,6
2445,2,0,4,4,1,0,0,1,39,6
2446,2,0,4,4,1,1,0,1,16,6
2447,2,0,4,4,1,1,0,1,17,6
2448,2,0,4,2,0,0,0,0,22,6
2449,2,0,4,1,1,0,0,1,33,5
2450,2,3,0,4,1,0,0,0,26,6
2451,2,3,0,4,1,1,0,1,26,6
2452,2,4,0,2,1,0,0,1,28,5
2453,2,4,0,1,1,0,0,1,24,5
2454,2,0,0,4,1,1,0,1,32,6
2455,4,4,0,2,1,0,0,1,37,6
2456,4,4,0,2,1,0,0,1,37,6
2457,4,4,0,2,1,1,0,1,32,6
2458,2,4,4,4,2,0,0,1,35,6
2459,2,4,4,4,2,0,0,1,35,6
2460,2,4,4,2,1,0,0,1,26,5
2461,2,4,0,4,1,0,0,1,39,6
2462,2,4,0,4,1,1,0,0,7,6
2463,2,0,0,4,1,1,0,0,18,6
2464,4,0,4,4,1,0,0,1,22,6
2465,4,0,4,4,1,0,0,0,33,6
2466,4,0,4,4,1,0,0,0,22,6
2467,2,0,0,4,1,0,0,1,50,6
2468,2,0,0,4,1,1,0,0,35,6
2469,2,4,4,4,1,0,0,1,21,6
2470,2,4,4,4,1,0,0,1,50,6
2471,2,4,4,4,1,1,0,0,25,6
2472,2,4,4,4,1,1,0,0,49,6
2473,2,4,0,2,1,0,0,0,19,6
2474,2,4,0,2,1,1,0,0,18,6
2475,2,4,0,2,1,0,0,1,26,6
2476,1,2,0,4,1,2,0,1,38,6
2477,2,4,0,4,1,0,0,1,55,3
2478,1,4,0,4,1,1,0,0,85,1
2479,2,4,0,4,1,0,0,1,10,5
2480,2,4,0,4,1,0,0,1,24,6
2481,2,4,0,4,1,0,0,1,48,1
2482,2,4,0,4,1,1,0,1,18,6
2483,2,4,0,4,1,1,0,1,16,6
2484,2,4,0,4,1,1,0,1,14,6
2485,2,0,0,4,1,0,0,0,34,5
2486,2,4,0,2,1,0,0,1,29,6
2487,2,4,0,2,1,0,0,1,31,6
2488,2,4,0,2,1,1,0,1,26,6
2489,1,4,0,2,1,1,0,1,21,1
2490,2,0,0,4,1,0,1,1,41,3
2491,2,4,0,4,1,0,0,0,31,6
2492,1,1,0,2,1,0,1,1,20,6
2493,1,0,0,4,1,2,0,1,12,6
2494,2,3,0,4,1,0,0,1,30,6
2495,2,3,0,4,1,1,0,1,25,6
2496,2,4,4,1,1,0,0,1,22,5
2497,2,0,0,4,1,0,0,1,39,3
2498,1,1,0,4,1,1,0,0,43,6
2499,2,0,0,4,1,0,0,0,36,6
2500,2,0,4,1,5,1,0,1,42,6
2501,2,2,0,2,1,0,0,0,36,6
2502,2,2,0,2,1,0,1,1,23,3
2503,2,0,0,4,1,0,0,1,72,6
2504,1,4,0,2,1,2,0,0,22,6
2505,1,4,0,2,1,2,0,0,12,6
2506,2,3,4,2,1,0,0,0,22,6
2507,2,2,4,2,5,0,1,1,32,6
2508,2,2,4,2,5,0,0,1,52,6
2509,2,0,4,4,4,1,0,0,18,6
2510,1,4,0,1,1,0,0,1,17,6
2511,2,4,4,4,5,0,0,0,19,6
2512,2,4,4,4,5,0,0,1,33,6
2513,1,0,0,4,1,2,0,1,17,6
2514,2,0,0,2,1,0,0,0,60,6
2515,2,0,0,2,1,0,0,1,44,6
2516,3,0,4,4,1,0,0,0,48,6
2517,2,4,0,4,1,0,0,0,37,6
2518,2,4,0,2,1,0,0,1,36,5
2519,1,2,0,4,1,2,1,0,35,6
2520,1,2,0,4,1,2,1,1,2,6
2521,1,2,0,4,1,2,0,0,0,6
2522,2,4,4,4,1,0,0,1,39,6
2523,1,0,0,4,1,2,0,0,20,2
2524,1,4,4,4,1,2,0,1,65,6
2525,2,0,4,4,5,0,0,1,32,6
2526,2,0,0,1,1,0,0,0,27,6
2527,2,0,0,1,1,1,0,1,29,6
2528,1,4,4,4,5,2,0,1,66,6
2529,3,0,4,4,0,0,0,1,46,6
2530,3,0,4,4,0,0,0,1,48,6
2531,3,0,4,4,0,1,0,0,46,6
2532,2,3,4,4,1,0,0,1,55,6
2533,1,0,4,2,5,1,0,1,41,6
2534,1,0,4,2,5,0,0,1,30,6
2535,1,0,4,2,5,1,0,1,30,6
2536,1,0,4,2,5,1,0,1,25,6
2537,1,0,4,2,5,1,0,1,21,6
2538,2,2,4,2,5,2,0,1,36,2
2539,4,3,4,4,5,1,0,0,57,6
2540,4,3,4,4,5,1,0,0,47,6
2541,4,3,4,4,5,0,0,1,46,2
2542,1,3,4,4,4,0,0,1,22,6
2543,2,4,0,2,1,0,0,1,19,6
2544,9,1,4,0,5,0,0,1,38,6
2545,9,1,4,0,5,0,0,0,38,6
2546,9,1,4,0,5,0,0,1,42,6
2547,9,1,4,0,5,0,0,1,30,6
2548,9,1,4,0,5,0,0,1,19,6
2549,2,0,4,2,5,0,0,1,30,6
2550,2,4,0,4,1,0,0,1,32,2
2551,2,4,0,4,1,1,0,1,22,2
2552,2,4,0,4,1,1,0,0,45,1
2553,2,4,4,2,5,0,0,0,32,6
2554,3,0,4,2,5,1,0,0,26,6
2555,2,0,4,2,1,0,0,1,42,6
2556,2,0,4,2,1,0,0,1,26,6
2557,5,4,0,4,1,0,0,1,76,6
2558,5,4,0,4,1,0,0,1,43,6
2559,3,4,4,4,5,0,0,0,21,6
2560,3,4,4,4,5,0,0,1,37,6
2561,3,4,4,4,5,1,0,0,17,6
2562,2,3,0,1,1,0,0,1,43,6
2563,1,4,0,4,1,1,0,0,43,1
2564,2,2,4,4,5,0,0,1,44,6
2565,2,2,4,4,5,1,0,1,24,6
2566,1,4,4,2,5,0,0,1,18,6
2567,1,2,4,4,1,2,0,0,11,6
2568,1,4,4,1,5,2,0,1,35,6
2569,1,4,4,4,1,1,0,1,71,1
2570,1,4,4,2,1,2,0,1,20,6
2571,2,0,4,4,1,0,0,1,33,5
2572,2,0,4,2,1,0,0,1,35,5
2573,2,0,4,2,1,0,0,0,20,3
2574,2,2,4,0,5,0,0,0,36,6
2575,2,0,0,4,1,0,0,1,26,2
2576,3,0,4,4,1,0,0,0,51,6
2577,3,0,4,4,1,0,0,1,81,6
2578,3,0,4,4,1,0,0,1,42,6
2579,3,0,4,4,1,1,0,0,77,6
2580,2,4,4,4,1,1,0,0,30,6
2581,2,4,4,2,1,0,0,0,40,6
2582,2,4,4,2,1,1,0,0,62,6
2583,2,0,4,2,1,0,0,0,52,6
2584,2,0,4,2,1,1,0,0,9,6
2585,2,0,4,2,1,1,0,0,7,6
2586,1,0,0,2,1,0,1,1,22,6
2587,1,0,0,2,1,1,0,0,32,6
2588,2,0,0,4,1,0,0,1,43,3
2589,1,0,4,2,1,0,0,1,77,6
2590,2,4,4,1,1,1,0,1,17,6
2591,2,4,4,1,1,1,0,1,19,6
2592,2,4,4,2,5,0,0,1,30,5
2593,2,4,4,2,5,0,0,1,27,6
2594,4,3,4,2,1,0,0,0,25,6
2595,4,3,4,2,1,0,0,0,25,6
2596,1,3,4,2,5,0,0,0,19,6
2597,1,4,0,4,1,2,0,1,19,6
2598,1,4,0,2,1,1,0,1,21,6
2599,1,4,0,2,1,1,1,1,19,6
2600,3,0,4,4,5,0,0,1,45,6
2601,3,0,4,4,5,0,0,1,22,6
2602,3,0,4,4,5,1,0,0,29,6
2603,1,4,0,3,1,0,1,1,32,6
2604,2,2,0,4,1,0,0,0,18,6
2605,2,2,0,4,1,1,0,0,53,6
2606,1,0,0,4,1,2,1,0,11,6
2607,1,4,0,4,1,1,0,0,20,1
2608,2,2,4,2,5,1,0,0,23,6
2609,2,0,0,4,1,0,0,0,62,6
2610,2,2,0,4,1,0,0,0,56,6
2611,2,2,0,4,1,0,0,1,33,6
2612,2,0,4,4,1,0,1,1,42,5
2613,1,3,0,4,1,0,0,1,21,6
2614,2,0,4,2,1,0,0,1,21,6
2615,1,0,4,1,1,1,1,1,26,6
2616,2,0,4,2,1,0,1,0,28,6
2617,2,4,0,4,1,0,0,1,30,5
2618,1,4,4,4,1,1,0,1,17,6
2619,1,4,4,4,1,0,0,0,19,6
2620,1,4,0,4,1,1,0,0,33,1
2621,2,4,4,4,1,0,0,0,19,6
2622,3,4,0,2,1,0,0,0,39,6
2623,3,4,0,2,1,0,0,1,24,6
2624,2,4,4,2,3,0,0,1,21,6
2625,2,0,4,4,5,0,0,1,24,5
2626,1,0,0,4,1,1,0,0,32,1
2627,1,0,0,4,1,1,0,0,39,1
2628,1,0,0,2,1,2,0,1,17,6
2629,2,4,0,2,1,0,0,0,60,6
2630,1,4,0,4,1,1,0,1,12,1
2631,1,4,0,4,1,1,0,1,35,1
2632,1,4,0,4,1,1,0,0,12,1
2633,2,0,4,2,1,0,0,1,26,5
2634,3,3,0,2,1,0,0,1,35,6
2635,3,3,0,2,1,0,0,0,38,6
2636,2,4,0,2,1,0,0,1,38,1
2637,2,4,4,4,1,0,0,1,74,6
2638,2,4,4,4,1,1,1,0,29,6
2639,2,4,4,4,1,0,0,1,29,6
2640,1,3,0,2,1,0,1,1,25,6
2641,1,0,0,2,1,2,0,1,19,6
2642,4,3,4,1,3,0,0,0,36,6
2643,1,4,4,2,5,2,0,0,21,6
2644,2,0,4,1,5,0,0,0,35,6
2645,2,4,0,4,1,0,0,1,39,6
2646,2,4,0,4,1,1,0,0,41,6
2647,1,4,4,2,5,2,0,0,20,6
2648,1,0,4,2,5,2,1,0,52,6
2649,3,4,4,4,1,0,0,0,23,6
2650,3,4,4,4,1,0,0,1,57,6
2651,1,4,4,2,5,2,0,0,22,6
2652,1,4,4,2,4,2,0,1,22,6
2653,2,4,4,3,3,0,0,1,57,6
2654,2,4,4,3,3,1,0,0,42,6
2655,3,0,4,2,1,0,0,1,30,6
2656,2,4,4,2,4,0,0,0,24,6
2657,3,0,0,4,1,0,0,1,48,6
2658,2,0,0,4,1,0,0,1,39,6
2659,2,0,0,1,1,0,1,1,20,5
2660,1,4,4,2,5,2,0,1,27,6
2661,1,4,4,2,1,2,1,1,45,6
2662,1,4,0,4,1,0,0,1,40,6
2663,1,4,0,4,1,1,0,0,67,6
2664,2,0,0,4,1,0,0,0,29,5
2665,1,4,4,2,3,2,0,0,12,6
2666,1,4,0,2,1,2,0,1,38,6
2667,2,0,0,2,1,0,0,0,21,6
2668,2,0,0,2,1,1,0,0,24,6
2669,2,0,4,2,1,0,0,0,67,6
2670,1,4,4,2,1,2,1,0,50,6
2671,2,0,0,4,1,0,0,1,27,6
2672,2,4,4,4,1,0,0,1,16,3
2673,1,3,4,4,1,0,0,1,24,3
2674,1,4,0,4,1,0,0,1,16,6
2675,1,4,4,2,5,0,0,0,20,6
2676,1,4,4,2,5,1,0,0,20,6
2677,1,4,4,2,5,1,0,1,19,6
2678,1,4,4,2,1,0,0,1,37,2
2679,2,4,4,2,1,0,0,1,24,3
2680,2,4,4,2,5,1,0,1,4,6
2681,1,4,4,4,5,2,0,1,11,6
2682,2,4,4,4,5,2,1,0,51,6
2683,2,4,4,4,1,0,0,0,45,6
2684,4,3,4,4,5,0,0,0,25,6
2685,4,3,4,4,5,0,0,1,38,6
2686,1,4,0,4,1,2,0,1,49,6
2687,3,4,4,4,1,0,0,0,23,6
2688,2,4,4,4,1,1,0,0,41,6
2689,1,4,4,2,4,1,0,1,50,1
2690,2,4,0,1,1,0,0,1,42,3
2691,2,0,4,2,5,0,0,1,51,6
2692,3,4,4,4,1,0,1,1,22,3
2693,2,2,4,2,4,0,0,0,31,6
2694,1,4,4,2,5,2,1,1,20,6
2695,2,0,4,2,0,0,0,1,26,3
2696,1,4,0,2,1,1,0,0,28,6
2697,2,4,4,0,5,0,0,1,36,6
2698,2,4,4,0,5,0,0,0,53,6
2699,2,4,4,2,5,1,0,0,18,6
2700,2,3,4,4,5,1,0,0,30,6
2701,1,4,4,4,5,2,0,0,11,6
2702,2,4,4,4,4,0,0,0,32,6
2703,1,0,0,4,1,1,0,0,44,1
2704,1,4,0,4,1,2,0,1,7,6
2705,2,4,4,2,1,0,0,1,30,6
2706,2,4,4,2,1,1,0,1,25,6
2707,2,0,0,2,1,0,0,1,44,5
2708,1,0,4,4,5,2,1,0,53,2
2709,2,2,4,2,0,0,0,1,43,6
2710,2,2,4,2,5,0,0,1,61,3
2711,2,4,0,4,1,0,0,1,59,6
2712,4,1,0,0,0,0,0,1,17,6
2713,4,1,0,0,0,0,0,1,53,2
2714,1,4,0,2,1,2,0,1,34,6
2715,2,4,0,1,1,0,0,1,30,6
2716,2,1,0,4,0,0,0,0,36,6
2717,2,4,4,4,1,0,0,0,38,6
2718,2,4,4,4,1,0,0,0,70,6
2719,2,4,4,4,1,0,0,1,55,5
2720,2,4,0,4,1,0,0,0,43,6
2721,2,4,4,2,1,0,0,1,22,6
2722,2,4,4,4,1,1,0,0,65,1
2723,2,0,4,1,1,0,0,1,39,6
2724,2,4,0,1,1,0,0,1,30,3
2725,2,2,0,4,1,0,0,0,16,6
2726,2,2,4,2,1,0,1,1,43,5
2727,1,0,4,2,1,0,0,1,37,3
2728,1,0,4,2,1,2,0,0,21,3
2729,1,4,4,2,5,2,1,0,70,6
2730,2,4,0,4,1,1,0,0,54,1
2731,2,4,4,2,5,0,1,1,45,3
2732,2,4,0,4,1,1,0,0,24,6
2733,2,4,0,4,1,0,0,0,33,6
2734,2,4,0,4,1,1,0,0,38,6
2735,2,4,0,4,1,1,0,1,26,6
2736,3,3,4,2,5,1,0,0,15,6
2737,3,3,4,2,5,1,0,0,15,6
2738,1,4,4,4,1,2,0,0,12,6
2739,2,4,0,4,1,0,0,1,60,6
2740,2,0,4,2,4,0,0,1,39,6
2741,1,0,0,4,1,2,0,1,13,6
2742,2,4,0,2,1,0,0,1,53,6
2743,2,4,0,2,1,1,0,1,19,6
2744,2,4,0,2,1,1,0,0,10,6
2745,2,4,4,2,5,0,0,1,48,6
2746,1,0,4,2,0,2,0,1,13,6
2747,2,2,4,4,1,0,0,1,52,6
2748,1,4,0,2,1,2,1,1,11,6
2749,2,0,0,4,1,0,0,0,19,5
2750,2,0,4,2,4,0,0,1,56,6
2751,1,2,4,4,1,2,0,0,85,6
2752,1,4,4,4,5,1,1,0,69,1
2753,1,3,4,2,1,0,0,1,44,6
2754,1,3,4,2,1,1,0,1,38,6
2755,2,4,0,4,1,0,1,1,25,3
2756,1,4,4,2,1,2,0,0,52,6
2757,3,0,4,2,1,2,0,1,18,6
2758,2,4,0,4,1,0,0,0,83,6
2759,2,4,4,4,1,1,0,0,60,1
2760,2,0,0,2,1,0,0,1,25,6
2761,2,0,0,2,1,1,0,1,19,6
2762,2,4,0,2,1,0,0,0,34,6
2763,2,4,0,2,1,1,0,0,13,6
2764,2,4,0,2,1,0,0,0,25,6
2765,2,4,4,2,1,1,0,0,22,6
2766,2,4,4,2,1,1,0,1,18,6
2767,3,0,4,4,1,0,0,0,47,6
2768,3,0,4,4,1,0,0,0,75,6
2769,3,0,4,4,1,1,1,1,12,6
2770,1,4,0,4,1,2,0,0,37,1
2771,1,4,4,2,1,2,0,1,56,6
2772,1,4,4,2,5,2,0,1,17,6
2773,1,0,4,4,4,2,0,1,23,6
2774,1,4,4,2,5,1,0,1,27,1
2775,1,4,4,4,1,0,0,1,19,6
2776,1,4,4,4,1,1,0,0,17,6
2777,1,4,4,4,1,1,0,1,19,6
2778,1,4,4,4,1,1,0,0,18,6
2779,1,4,4,3,1,0,0,0,35,6
2780,1,4,4,3,1,1,0,1,42,6
2781,2,0,4,2,2,0,0,1,54,6
2782,1,0,4,0,5,0,0,1,21,6
2783,3,0,4,2,5,0,1,1,55,6
2784,2,4,0,2,1,0,0,0,25,6
2785,2,0,0,4,1,0,0,1,46,5
2786,1,4,4,0,1,1,0,0,17,6
2787,4,4,4,4,1,0,0,1,80,6
2788,2,0,2,4,1,0,0,1,37,5
2789,2,4,0,4,1,1,0,1,8,1
2790,1,0,4,4,1,0,0,0,25,3
2791,1,4,2,4,1,2,0,1,12,6
2792,1,4,4,2,5,2,0,1,14,6
2793,1,0,2,1,1,0,1,1,28,3
2794,2,0,4,2,5,0,0,1,41,6
2795,1,4,0,1,1,2,0,1,36,6
2796,2,4,4,2,0,0,0,0,35,6
2797,2,4,4,4,1,1,0,1,36,6
2798,2,4,4,4,1,0,0,1,21,6
2799,2,4,4,4,1,0,0,1,23,6
2800,1,0,4,2,1,2,0,1,74,6
2801,2,4,0,4,1,1,0,1,18,6
2802,2,4,4,2,5,0,0,1,30,6
2803,2,0,4,2,1,0,0,1,20,6
2804,2,0,4,2,1,0,0,0,35,6
2805,2,0,4,2,1,2,0,0,22,6
2806,2,0,4,2,1,2,0,1,23,6
2807,2,0,0,2,1,0,0,1,33,6
2808,2,1,0,4,1,0,0,1,58,6
2809,2,4,4,2,1,0,0,0,37,5
2810,2,4,0,4,1,2,1,1,19,6
2811,1,0,4,4,1,0,1,1,20,6
2812,2,0,4,2,1,0,0,0,38,6
2813,2,0,4,2,1,0,0,0,36,6
2814,2,4,4,4,1,0,0,1,44,6
2815,2,0,4,2,1,0,0,1,28,6
2816,2,0,4,2,1,1,0,1,38,6
2817,2,0,0,2,1,0,1,1,21,6
2818,2,0,0,2,1,0,1,1,18,6
2819,1,0,4,2,5,0,0,1,21,6
2820,1,0,4,2,5,1,0,1,22,6
2821,1,0,4,2,5,1,0,0,19,6
2822,1,0,4,2,5,1,0,0,16,6
2823,1,4,0,4,1,2,1,0,11,1
2824,1,4,0,4,1,2,0,0,11,1
2825,2,0,4,1,1,0,0,1,28,5
2826,2,4,4,4,1,0,1,0,80,6
2827,2,4,4,4,1,0,0,1,34,6
2828,2,4,0,2,1,0,0,1,60,6
2829,2,4,0,2,1,0,0,1,35,6
2830,1,0,0,4,1,2,0,0,42,6
2831,1,4,0,4,1,2,0,0,50,1
2832,2,3,0,4,1,0,0,1,39,6
2833,2,3,0,4,1,1,0,0,28,6
2834,2,0,0,4,1,0,0,0,39,6
2835,2,0,0,4,1,1,0,1,13,6
2836,1,0,4,2,5,2,0,1,59,6
2837,1,0,0,4,1,1,0,1,60,1
2838,2,0,4,2,5,0,0,1,45,6
2839,2,0,4,2,5,1,1,0,22,6
2840,2,0,4,2,5,1,0,0,21,6
2841,2,0,4,2,5,0,0,0,50,6
2842,2,0,4,2,5,1,0,1,63,6
2843,2,0,4,2,5,1,0,1,56,6
2844,2,0,4,2,1,0,0,1,19,6
2845,1,0,4,2,5,2,0,0,44,6
2846,1,0,4,1,5,2,0,1,21,6
2847,2,4,0,4,1,0,0,0,74,6
2848,1,3,4,4,1,1,0,0,34,6
2849,2,4,0,1,1,0,0,1,39,6
2850,2,4,0,1,1,1,0,0,6,6
2851,2,4,0,1,1,1,0,0,34,6
2852,2,4,0,1,1,1,0,0,13,6
2853,2,4,0,1,1,1,0,0,12,6
2854,1,4,4,2,1,2,1,0,13,6
2855,2,4,0,4,1,0,0,0,32,6
2856,2,0,4,2,8,1,0,0,36,6
2857,2,0,0,2,1,0,0,0,19,6
2858,2,0,4,2,1,0,0,1,34,3
2859,2,0,0,4,1,0,0,1,72,6
2860,9,1,4,2,3,0,0,0,39,6
2861,9,1,4,2,3,0,0,1,53,6
2862,9,1,4,2,3,0,0,1,35,6
2863,9,1,4,2,3,1,0,1,41,6
2864,2,0,0,4,1,0,0,0,58,6
2865,3,4,4,2,1,0,0,1,47,6
2866,3,4,4,2,1,0,0,0,20,6
2867,2,3,4,2,1,0,0,0,36,6
2868,2,3,0,0,1,0,0,0,25,6
2869,1,0,4,2,1,0,0,1,75,6
2870,1,0,4,4,1,2,1,0,12,6
2871,2,4,4,2,1,0,0,1,16,3
2872,2,4,4,4,1,0,0,0,42,6
2873,2,3,0,4,1,0,0,0,42,6
2874,3,3,0,2,1,0,0,1,35,6
2875,3,3,0,2,1,0,0,1,46,6
2876,1,4,0,2,1,1,0,1,25,1
2877,2,3,0,4,1,0,0,1,22,6
2878,3,4,4,2,1,0,0,1,25,6
2879,3,4,4,2,1,0,0,1,36,6
2880,3,4,4,2,1,1,0,0,34,6
2881,3,4,4,2,1,1,0,0,26,6
2882,1,2,4,2,1,2,0,0,16,6
2883,2,4,0,4,1,0,1,1,38,3
2884,2,0,4,4,1,0,1,1,54,6
2885,2,0,4,4,1,0,1,0,57,6
2886,1,4,4,2,1,2,1,0,18,6
2887,1,4,4,2,5,0,1,0,20,6
2888,2,4,4,4,1,0,0,1,19,5
2889,1,4,0,4,1,2,1,0,16,6
2890,1,4,0,1,1,2,0,0,17,6
2891,2,3,0,2,1,0,0,1,49,6
2892,2,0,0,2,1,0,0,1,45,3
2893,1,4,0,2,1,2,0,1,77,6
2894,1,4,4,4,1,1,0,0,72,1
2895,1,4,4,2,1,2,0,1,18,6
2896,5,3,4,2,3,1,0,0,21,6
2897,2,0,4,4,1,0,0,0,43,6
2898,1,4,4,4,1,0,0,1,49,2
2899,1,4,4,2,1,2,0,1,24,6
2900,2,2,0,2,1,0,0,1,23,3
2901,14,3,4,0,2,0,0,1,27,6
2902,14,3,4,0,2,0,0,1,39,6
2903,14,3,4,0,2,0,0,1,33,6
2904,14,3,4,0,2,1,0,0,27,6
2905,14,3,4,0,2,1,0,0,37,6
2906,14,3,4,0,2,1,0,0,35,6
2907,1,4,4,4,1,0,0,0,45,6
2908,1,4,4,4,1,1,0,1,48,6
2909,3,0,4,2,1,0,0,0,28,6
2910,3,0,4,2,1,1,0,0,51,6
2911,2,1,0,4,1,1,0,1,60,6
2912,2,1,0,4,1,1,0,1,53,6
2913,1,4,4,4,1,2,0,1,33,6
2914,1,0,4,2,1,0,0,1,27,6
2915,2,4,0,1,1,0,0,1,31,6
2916,1,0,0,2,1,2,1,0,34,6
2917,3,1,0,4,1,0,0,1,45,6
2918,3,1,0,4,1,1,0,0,39,6
2919,2,3,0,4,1,1,0,0,36,6
2920,2,3,0,4,1,1,0,0,7,6
2921,1,0,4,4,1,0,0,0,82,6
2922,2,0,4,4,1,0,0,0,36,6
2923,1,4,0,2,1,2,0,0,25,6
2924,1,4,0,2,1,2,0,0,23,6
2925,2,4,4,4,1,0,0,1,58,1
2926,2,4,4,4,1,1,0,0,67,1
2927,2,4,4,4,1,1,0,1,54,1
2928,2,4,4,4,1,1,0,0,45,1
2929,2,0,0,4,1,1,0,0,25,6
2930,2,4,0,2,1,0,0,0,27,6
2931,1,4,0,2,1,2,1,1,61,6
2932,2,0,4,2,1,2,1,1,26,6
2933,2,4,4,2,5,0,0,0,18,6
2934,2,4,4,2,5,0,0,1,18,6
2935,2,4,4,2,5,1,0,1,18,6
2936,2,4,4,2,5,1,0,1,19,6
2937,2,4,4,2,1,0,1,1,18,3
2938,2,4,4,2,5,0,0,1,21,5
2939,2,4,0,4,1,0,0,1,35,6
2940,2,4,0,4,1,1,0,0,31,6
2941,3,0,4,2,5,0,0,0,34,6
2942,2,4,0,4,1,0,0,1,19,6
2943,2,0,4,4,1,0,0,1,39,6
2944,2,4,4,2,1,0,0,0,39,6
2945,1,0,4,4,5,2,0,0,15,6
2946,2,0,4,2,3,0,0,1,30,6
2947,3,0,4,2,1,0,0,1,49,6
2948,3,0,4,4,1,0,0,1,54,6
2949,3,0,4,4,1,0,0,1,44,6
2950,3,0,4,4,5,0,0,0,43,6
2951,3,0,4,4,5,1,0,1,80,6
2952,2,4,4,2,1,0,0,1,25,6
2953,1,0,4,2,5,2,0,0,17,6
2954,3,4,4,4,5,0,0,0,30,6
2955,3,4,4,4,5,0,0,1,18,2
2956,3,4,4,4,5,1,0,1,31,2
2957,2,4,4,2,1,0,0,0,32,6
2958,2,4,0,4,1,0,0,1,20,6
2959,2,4,0,4,1,1,0,0,21,6
2960,2,0,4,2,5,0,0,0,39,6
2961,2,0,4,2,5,1,0,1,39,6
2962,2,0,4,2,5,1,0,1,19,6
2963,2,0,4,4,2,0,0,1,30,6
2964,1,4,0,4,1,1,0,0,23,1
2965,4,3,4,2,1,0,0,1,53,6
2966,4,3,4,2,1,0,0,0,31,6
2967,1,4,0,4,1,2,0,1,73,6
2968,2,4,4,2,6,1,0,0,62,6
2969,1,4,0,1,1,2,0,0,50,6
2970,1,4,4,4,1,2,1,0,91,6
2971,3,4,3,4,7,0,0,0,27,6
2972,1,4,3,2,1,1,0,1,66,1
2973,1,0,3,4,1,0,0,1,28,6
2974,2,4,2,0,1,0,0,1,62,6
2975,3,4,3,4,7,2,1,0,61,6
2976,2,0,3,4,7,2,0,1,18,6
2977,2,4,3,2,7,1,0,0,54,1
2978,2,4,3,4,7,0,0,0,38,6
2979,2,4,3,4,7,0,0,0,46,1
2980,1,4,2,2,1,2,0,1,41,6
2981,2,4,4,2,1,0,0,1,43,6
2982,2,4,2,4,7,1,0,0,15,6
2983,2,4,2,4,7,1,0,0,16,6
2984,2,4,2,4,7,0,0,1,45,2
2985,2,2,4,4,1,0,0,1,43,6
2986,2,2,4,4,1,0,0,1,25,6
2987,5,3,4,4,1,0,0,0,50,6
2988,5,3,4,4,1,0,0,1,29,6
2989,5,3,4,4,1,1,0,1,20,6
2990,5,3,4,4,1,1,0,1,20,6
2991,2,4,2,1,1,0,0,1,22,6
2992,2,4,2,1,1,0,0,1,40,1
2993,2,0,4,4,7,0,0,1,75,6
2994,2,0,4,4,7,0,0,1,37,6
2995,2,0,4,4,7,1,0,0,54,6
2996,2,2,4,4,1,0,0,1,41,5
2997,2,4,2,4,1,0,0,0,29,6
2998,2,4,2,4,1,0,0,1,53,6
2999,3,3,2,2,1,0,1,1,47,6
3000,3,3,2,2,1,0,0,0,18,6
3001,3,3,2,2,1,1,1,0,45,6
3002,3,3,2,2,1,0,0,1,52,6
3003,3,3,2,2,1,1,0,0,50,6
3004,2,0,3,4,3,0,0,1,34,6
3005,2,4,4,4,1,0,0,1,28,6
3006,1,4,3,1,7,0,0,1,31,6
3007,1,4,4,4,1,2,0,1,46,1
3008,2,4,4,2,1,0,0,1,55,6
3009,2,4,4,2,1,0,0,1,19,6
3010,2,0,4,4,1,0,0,1,58,6
3011,2,0,3,2,1,0,0,1,62,6
3012,4,0,3,4,3,0,0,0,42,6
3013,2,4,4,4,1,0,0,0,23,6
3014,2,4,4,4,1,1,0,0,67,6
3015,2,4,2,2,7,2,0,1,60,6
3016,1,4,4,4,1,2,0,0,77,6
3017,1,3,3,2,7,0,0,1,24,6
3018,1,0,2,2,2,0,0,0,45,6
3019,1,3,4,0,2,0,1,1,41,6
3020,1,4,3,2,7,0,0,0,36,6
3021,2,0,3,2,2,0,0,1,21,6
3022,2,4,2,4,7,0,0,1,53,6
3023,3,4,2,2,3,2,0,1,39,6
3024,3,4,2,2,3,2,0,0,34,6
3025,2,4,2,2,3,2,0,1,44,6
3026,3,4,2,2,1,2,0,1,37,6
3027,4,3,0,4,1,0,0,1,35,6
3028,4,3,0,4,1,1,1,0,30,6
3029,4,3,0,4,1,1,1,0,10,6
3030,4,3,0,4,1,1,0,1,9,6
3031,4,3,0,4,1,1,0,0,4,6
3032,4,3,0,4,1,1,0,0,9,6
3033,4,3,0,4,1,1,0,1,54,6
3034,4,3,0,4,1,0,0,1,39,6
3035,2,0,4,4,1,1,0,0,12,6
3036,2,0,0,2,1,0,0,1,34,6
3037,8,4,2,2,3,0,0,1,32,6
3038,2,0,4,4,1,1,0,0,35,6
3039,2,0,4,4,1,1,0,1,1,6
3040,2,4,2,2,1,0,1,1,30,6
3041,2,4,2,2,1,1,1,1,34,6
3042,1,4,2,2,1,2,0,1,16,2
3043,1,4,2,2,1,2,0,0,24,2
3044,1,0,4,2,1,0,1,1,28,6
3045,1,0,4,2,1,1,0,0,22,6
3046,2,4,4,2,1,1,0,0,41,6
3047,2,2,4,2,1,0,0,1,27,6
3048,2,4,4,2,5,0,0,1,19,6
3049,2,4,4,2,5,0,0,1,25,6
3050,2,4,4,2,5,0,0,1,19,5
3051,1,4,0,4,1,1,0,0,75,1
3052,4,3,0,1,1,0,0,1,42,6
3053,1,3,0,4,1,0,0,1,26,6
3054,2,4,4,2,1,1,0,0,5,6
3055,2,4,4,4,1,0,0,1,38,6
3056,2,4,4,4,1,1,0,0,24,6
